X,isolate.id,sample.id,year,date.collected,host,experiment,plot,subplot,environmental.treatment,soil.type,plant.data.source,notes,fungicide.treated,marked.plant.id,toothpick.plot,toothpick.position,sentinel.site,sentinel.bin,site.type,perennial.tag,transect,transect.density,gce.combo,gce.plot,gce.treatment,plant.tissue,damage.type,culture.morphotype,bg.species,competition.plot,competition.type,competition.density,jef.site,jef.transect,jef.plot,otu.id,taxonomy,sequence,sequence.length,method,bin,sequencing.set,orig.name,has.ITS1F,has.ITS4,has.LR3,perc.hq,perc.mq,perc.lq,number.sources,perc.identical.sites,number.ambiguities,forward.read,reverse.read,sequencing.run,grass.status,native,year.s,year.f,native.density,nonnative.density,nonnative,origin,total.density,natdens.s,nondens.s,rpro,plol,pcha,ainf,dres
764,1492,1492,2016,4/13/16,AB,transect,transect_5,transect_5A,ambient,non-serpentine,AllSeqData20152016.csv,NA,FALSE,X387,NA,NA,NA,NA,NA,NA,5,A,NA,NA,NA,foliar,NA,NA,All,NA,NA,NA,NA,NA,NA,1,Alternaria cf. infectoria,AAGTAAAAGTCGTAACAAGGTCTCCGTAGGTGAACCTGCGGAGGGATCATTACACAATAACCAGGCGGGCTGGACACCCCCCGCTGGGCACTGCTTCACGGCGTGCGCGGCGGGGCCGGCCCTGCTGAATTATTCACCCGTGTCTTTTGCGTACTTCTTGTTTCCTGGGTGGGCTCGCCCGCCCTCAGGACCAACCACAAACCTTTTGCAATAGCAATCAGCGTCAGTAACAACGTAATTAATTACAACTTTCAACAACGGATCTCTTGGTTCTGGCATCGATGAAGAACGCAGCGAAATGCGATACGTAGTGTGAATTGCAGAATTCAGTGAATCATCGAATCTTTGAACGCACATTGCGCCCTTTGGTATTCCAAAGGGCATGCCTGTTCGAGCGTCATTTGTACCCTCAAGCTTTGCTTGGTGTTGGGCGTCTTTTGTCTCCAGTTCGCTGGAGACTCGCCTTAAAGTCATTGGCAGCCGGCCTACTGGTTTCGGAGCGCAGCACAAGTCGCGCTCTTTGCCAGCCAAGGTCAGCGTCCAGCAAGCCTTTTTTTCAACCTTTGACCTCGGATCAGGTAGGGATACCCGCTGAACTTAAGC,603,manual (old),high,19-Jul-16,1492,TRUE,TRUE,NA,93.2,NA,NA,NA,NA,0,NA,NA,NA,non-native,0,2,year 2,22,59.33333333,1,non-native,81.33333333,1.461736553075365,-0.6212583849767753,0,0,0,1,0
765,1493,1493,2016,4/13/16,AB,transect,transect_5,transect_5A,ambient,non-serpentine,AllSeqData20152016.csv,NA,FALSE,X388,NA,NA,NA,NA,NA,NA,5,A,NA,NA,NA,foliar,NA,NA,All,NA,NA,NA,NA,NA,NA,1,Alternaria cf. infectoria,GTAAAAGTCGTAACAAGGTCTCCGTAGGTGAACCTGCGGAGGGATCATTACACAATAACAAGGCGGGCTGGACACCCCCCGCTGGGCACTGCTTCACGGCGTGCGCGGCGGGGCCGGCCCTGCTGAATTATTCACCCGTGTCTTTTGCGTACTTCTTGTTTCCTGGGTGGGCTCGCCCGCCCTCAGGACCAACCACAAACCTTTTGCAATAGCAATCAGCGTCAGTAACAACGTAATTAATTACAACTTTCAACAACGGATCTCTTGGTTCTGGCATCGATGAAGAACGCAGCGAAATGCGATACGTAGTGTGAATTGCAGAATTCAGTGAATCATCGAATCTTTGAACGCACATTGCGCCCTTTGGTATTCCAAAGGGCATGCCTGTTCGAGCGTCATTTGTACCCTCAAGCTTTGCTTGGTGTTGGGCGTCTTTTGTCTCCAGTTCGCTGGAGACTCGCCTTAAAGTCATTGGCAGCCGGCCTACTGGTTTCGGAGCGCAGCACAAGTCGCGCTCTTTGCCAGCCAAGGTCAGCGTCCAGCAAGCCTTTTTTTCAACCTTTGACCTCGGATCAGGTAGGGATACCCGCTGAACTTA,598,manual (old),medium,19-Jul-16,1493,TRUE,TRUE,NA,89.5,NA,NA,NA,NA,0,NA,NA,NA,non-native,0,2,year 2,22,59.33333333,1,non-native,81.33333333,1.461736553075365,-0.6212583849767753,0,0,0,1,0
766,1494,1494,2016,4/13/16,AB,transect,transect_5,transect_5A,ambient,non-serpentine,AllSeqData20152016.csv,scraping near plated lesion,FALSE,X389,NA,NA,NA,NA,NA,NA,5,A,NA,NA,NA,foliar,NA,NA,All,NA,NA,NA,NA,NA,NA,1,Alternaria cf. infectoria,GAAGTAAAAGTCGTAACAAGGTCTCCGTAGGTGAACCTGCGGAGGGATCATTACACAATAACAAGGCGGGCTGGACACCCCCCGCTGGGCACTGCTTCACGGCGTGCGCGGCGGGGCCGGCCCTGCTGAATTATTCACCCGTGTCTTTTGCGTACTTCTTGTTTCCTGGGTGGGCTCGCCCGCCCTCAGGACCAACCACAAACCTTTTGCAATAGCAATCAGCGTCAGTAACAACGTAATTAATTACAACTTTCAACAACGGATCTCTTGGTTCTGGCATCGATGAAGAACGCAGCGAAATGCGATACGTAGTGTGAATTGCAGAATTCAGTGAATCATCGAATCTTTGAACGCACATTGCGCCCTTTGGTATTCCAAAGGGCATGCCTGTTCGAGCGTCATTTGTACCCTCAAGCTTTGCTTGGTGTTGGGCGTCTTTTGTCTCCAGTTCGCTGGAGACTCGCCTTAAAGTCATTGGCAGCCGGCCTACTGGTTTCGGAGCGCAGCACAAGTCGCGCTCTTCGCCAGCCAAGGTCAGCGTCCAGCAAGCCTTTTTTTCAACCTTTGACCTCGGATCAGGTAGGGATACCCGCTGAACTTAAGCATATCA,610,manual (old),medium,19-Jul-16,1494,TRUE,TRUE,NA,83.1,NA,NA,NA,NA,0,NA,NA,NA,non-native,0,2,year 2,22,59.33333333,1,non-native,81.33333333,1.461736553075365,-0.6212583849767753,0,0,0,1,0
767,1496,1496,2016,4/13/16,BD,transect,transect_5,transect_5A,ambient,non-serpentine,AllSeqData20152016.csv,NA,FALSE,X391,NA,NA,NA,NA,NA,NA,5,A,NA,NA,NA,foliar,NA,NA,All,NA,NA,NA,NA,NA,NA,1,Alternaria cf. infectoria,AAGTAAAAGTCGTAACAAGGTCTCCGTAGGTGAACCTGCGGAGGGATCATTACACAATAACCAGGCGGGCTGGACACCCCCCGCTGGGCACTGCTTCACGGCGTGCGCGGCGGGGCCGGCCCTGCTGAATTATTCACCCGTGTCTTTTGCGTACTTCTTGTTTCCTGGGTGGGCTCGCCCGCCCTCAGGACCAACCACAAACCTTTTGCAATAGCAATCAGCGTCAGTAACAACGTAATTAATTACAACTTTCAACAACGGATCTCTTGGTTCTGGCATCGATGAAGAACGCAGCGAAATGCGATACGTAGTGTGAATTGCAGAATTCAGTGAATCATCGAATCTTTGAACGCACATTGCGCCCTTTGGTATTCCAAAGGGCATGCCTGTTCGAGCGTCATTTGTACCCTCAAGCTTTGCTTGGTGTTGGGCGTCTTTTGTCTCCAGTTCGCTGGAGACTCGCCTTAAAGTCATTGGCAGCCGGCCTACTGGTTTCGGAGCGCAGCACAAGTCGCGCTCTTCGCCAGCCAAGGTCAGCGTCCAGCAAGCCTTTTTTTCAACCTTTGACCTCGGATCAGGTAGGGATACCCGCTGAACTTAAGCATA,606,automatic,high,OLD,1496,TRUE,TRUE,FALSE,93.2,6.1,0.7,2,99.8,0,1496_ITS1F_H02,1496_ITS4_H02,cdaws@stanford.edu_SEQ962988A_072116J,non-native,0,2,year 2,22,59.33333333,1,non-native,81.33333333,1.461736553075365,-0.6212583849767753,0,0,0,1,0
768,1498,1498,2016,4/13/16,EG,transect,transect_5,transect_5A,ambient,non-serpentine,AllSeqData20152016.csv,NA,FALSE,X393,NA,NA,NA,NA,NA,NA,5,A,NA,NA,NA,foliar,NA,NA,All,NA,NA,NA,NA,NA,NA,66,Graphostroma sp.,ATATGCTTAAGTTCAGCGGGTATTCCTACCTGATCCGAGGTCAACCAGTAAAATTTAGGGGTTTTACGGCAGGATACAGGGCAGCATCAGAAGCGAGAAAAGAATTACTACGCTTAGAGCATGACCTAGCTCCGCCACTAAATTTAAGGAATTACAGCAGCTGTAAGTTCCCAACGTCAAGCAAATAGGGCTTGGGGGTTGAAATGACGCTCGAACAGGCATGCCTAACAGAATACTATTAGGCGCAATGTGCGTTCAAAGATTCGATGATTCACTGAATTCTGCAATTCACATTACTTATCGCATTTCGCTGCGTTCTTCATCGATGCCAGAACCAAGAGATCCGTTGTTGAAAGTTTTAACTTATTTGTATAATATTCTCAGAGATACAATTATTAAACAGAGTTTAAGGGTCCTTCGGCAGGCCTGGTTACGTACTACAGGGTAGGTGCTGCTCCGTTGCGGGCTTTCCTTGCTCTATAGTAACCTCTCTCCAGAGTATCTTTCAACTCCAGGGTAGCCCTTATATAGAGTAAGTCAGCTGCAGGGTAGCTTTCCCTACTCCAGGGTAGCTCCTCTCCAGAGTCTCTCAACTCCAGGGTAGCTCCTCTCCAGGGTAGGTCAGCTCCAGGGTAGCTTCCCGTACCGTATAGCACGACCTGCCGAGGCAACAGTAGGTAAGTTCACATGGGTTTGGAGTTTGTAATTAACTCGCTAATGATCCCTCCGCTGGTTCACCAACGGAGACCTTGTTACGACTTTTACTT,767,manual (old),medium,19-Jul-16,1498,TRUE,TRUE,NA,82.9,NA,NA,NA,NA,0,NA,NA,NA,native,1,2,year 2,22,59.33333333,0,native,81.33333333,1.461736553075365,-0.6212583849767753,0,0,0,0,0
769,1499,1499,2016,4/13/16,EG,transect,transect_5,transect_5A,ambient,non-serpentine,AllSeqData20152016.csv,NA,FALSE,X394,NA,NA,NA,NA,NA,NA,5,A,NA,NA,NA,foliar,NA,NA,All,NA,NA,NA,NA,NA,NA,5,Pyrenophora cf. lolii,GAAGTAAAAGTCGTAACAAGGTCTCCGTAGGTGAACCTGCGGAGGGATCATTACCCAAATATGAACGCAGACTGGGCACCCTAGAGAGGAGCGATTCGTCGCCCCCCCTCCTGGGCCGGTCTGACGCCATATTCACCCATGTCTTTTGCGTACTACTTGTTTCCTTGGCGGGTTCGCCCGCCATTAGGACCCAACTATAAACCTTTTTGTAATTGCAATCAGCGTCTGAACAAACAATGTAATAAATTACAACTTTCAACAACGGATCTCTTGGTTCTGGCATCGATGAAGAACGCAGCGAAATGCGATAAGTAGTGTGAATTGCAGAATTCAGTGAATCATCGAATCTTTGAACGCACATTGCGCCCTTTGGTATTCCAAAGGGCATGCCTGTTCGAGCGTCATTTGTACCCTCAAGCTTTGCTTGGTGTTGGGCGTTTTTGTCTTGGGGTCCGCCCCGAGACTCGCCTTAAAATCATTGGCAGCCGGCCTACTGGTTTCGGAGCGCAGCACATTTTTTGCGCTTTGGTCTAGTGGTCCCGCGTCCATGAAGCGAATACATTTTTTCAATTTGACCTCGGATCAGGTAGGGATACCCGCTGAACTTAAGCATATC,616,manual (old),high,19-Jul-16,1499,TRUE,TRUE,NA,92.5,NA,NA,NA,NA,0,NA,NA,NA,native,1,2,year 2,22,59.33333333,0,native,81.33333333,1.461736553075365,-0.6212583849767753,0,1,0,0,0
770,1500,1500,2016,4/13/16,EG,transect,transect_5,transect_5A,ambient,non-serpentine,AllSeqData20152016.csv,NA,FALSE,X188,NA,NA,NA,NA,NA,NA,5,A,NA,NA,NA,foliar,NA,NA,All,NA,NA,NA,NA,NA,NA,1,Alternaria cf. infectoria,AGTAAAAGTCGTAACAAGGTCTCCGTAGGTGAACCTGCGGAGGGATCATTACACAATAACCAGGCGGGCTGGACACCCCCCGCTGGGCACTGCTTCACGGCGTGCGCGGCGGGGCCGGCCCTGCTGAATTATTCACCCGTGTCTTTTGCGTACTTCTTGTTTCCTGGGTGGGCTCGCCCGCCCTCAGGACCAACCACAAACCTTTTGCAATAGCAATCAGCGTCAGTAACAACGTAATTAATTACAACTTTCAACAACGGATCTCTTGGTTCTGGCATCGATGAAGAACGCAGCGAAATGCGATACGTAGTGTGAATTGCAGAATTCAGTGAATCATCGAATCTTTGAACGCACATTGCGCCCTTTGGTATTCCAAAGGGCATGCCTGTTCGAGCGTCATTTGTACCCTCAAGCTTTGCTTGGTGTTGGGCGTCTTTTGTCTCCAGTTCGCTGGAGACTCGCCTTAAAGTCATTGGCAGCCGGCCTACTGGTTTCGGAGCGCAGCACAAGTCGCGCTCTTTGCCAGCCAAGGTCAGCGTCCAGCAAGCCTTTTTTTCAACCTTTGACCTCGGATCAGGTAGGGATACCCGCTGAACTTAAGCA,603,manual (old),high,19-Jul-16,1500,TRUE,TRUE,NA,94.4,NA,NA,NA,NA,0,NA,NA,NA,native,1,2,year 2,22,59.33333333,0,native,81.33333333,1.461736553075365,-0.6212583849767753,0,0,0,1,0
771,1501,1501,2016,4/13/16,EG,transect,transect_5,transect_5A,ambient,non-serpentine,AllSeqData20152016.csv,NA,FALSE,X395,NA,NA,NA,NA,NA,NA,5,A,NA,NA,NA,foliar,NA,NA,All,NA,NA,NA,NA,NA,NA,1,Alternaria cf. infectoria,AAGTAAAAGTCGTAACAAGGTCTCCGTAGGTGAACCTGCGGAGGGATCATTACACAATAACAAGGCGGGTTGGACACCCCCCGCTGGGCACTGCTTCACGGCGTGCGCGGCGGGGCCGGCCCTGCTGAATTATTTACCCGTGTCTTTTGCGTACTTCTTGTTTCCTGGGTGGGCTCGCCCGCCCTCAGGACCAACCACAAACCTTTTGCAATAGCAATCAGCGTCAGTAACAACGTAATTAATTACAACTTTCAACAACGGATCTCTTGGTTCTGGCATCGATGAAGAACGCAGCGAAATGCGATACGTAGTGTGAATTGCAGAATTCAGTGAATCATCGAATCTTTGAACGCACATTGCGCCCTTTGGTATTCCAAAGGGCATGCCTGTTCGAGCGTCATTTGTACCCTCAAGCTTTGCTTGGTGTTGGGCGTCTTTTGTCTCCAGTTCGCTGGAGACTCGCCTTAAAGTCATTGGCAGCCGGCCTACTGGTTTCGGAGCGCAGCACAAGTCGCGCTCTTCGCCAGCCAAGGTCAGCGTCCAGCAAGCCTTTTTTTCAACCTTTGACCTCGGATCAGGTAGGGATACCCGCTGAACTTAAGCAT,605,automatic,high,OLD,1501,TRUE,TRUE,FALSE,93.7,6,0.3,2,100,0,1501_ITS1F_A03,1501_ITS4_A03,cdaws@stanford.edu_SEQ962988A_072116J,native,1,2,year 2,22,59.33333333,0,native,81.33333333,1.461736553075365,-0.6212583849767753,0,0,0,1,0
772,1503,1503,2016,4/13/16,AB,transect,transect_5,transect_5E,ambient,non-serpentine,AllSeqData20152016.csv,NA,FALSE,X397,NA,NA,NA,NA,NA,NA,5,E,NA,NA,NA,foliar,NA,NA,All,NA,NA,NA,NA,NA,NA,5,Pyrenophora cf. lolii,TAAAAGTCGTAACAAGGTCTCCGTAGGTGAACCTGCGGAGGGATCATTACCCAAATATGAACGCAGACTGGGCACCCTAGAGAGGAGCGATTCGTCGCCCCCCCTCCTGGGCCGGTCTGACGCCATATTCACCCATGTCTTTTGCGTACTACTTGTTTCCTTGGCGGGTTCGCCCGCCATTAGGACCCAACTATAAACCTTTTTGTAATTGCAATCAGCGTCTGAACAAACAATGTAATAAATTACAACTTTCAACAACGGATCTCTTGGTTCTGGCATCGATGAAGAACGCAGCGAAATGCGATAAGTAGTGTGAATTGCAGAATTCAGTGAATCATCGAATCTTTGAACGCACATTGCGCCCTTTGGTATTCCAAAGGGCATGCCTGTTCGAGCGTCATTTGTACCCTCAAGCTTTGCTTGGTGTTGGGCGTTTTTGTCTTGGGGTCCGCCCCGAGACTCGCCTTAAAATCATTGGCAGCCGGCCTACTGGTTTCGGAGCGCAGCACATTTTTTGCGCTTTGGTCTAGTGGTCCCGCGTCCATGAAGCGAATACATTTTTTCAATTTGACCTCGGATCAGGTAGGGATACCCGCTGAAC,601,manual (old),medium,19-Jul-16,1503,TRUE,TRUE,NA,86,NA,NA,NA,NA,0,NA,NA,NA,non-native,0,2,year 2,0,194.66666663,1,non-native,194.66666663,-1.3951426326619085,0.5539642583654855,0,1,0,0,0
773,1504,1504,2016,4/13/16,AB,transect,transect_5,transect_5E,ambient,non-serpentine,AllSeqData20152016.csv,NA,FALSE,X398,NA,NA,NA,NA,NA,NA,5,E,NA,NA,NA,foliar,NA,NA,All,NA,NA,NA,NA,NA,NA,1,Alternaria cf. infectoria,AGTAAAAGTCGTAACAAGGTCTCCGTAGGTGAACCTGCGGAGGGATCATTACACAATAACCAGGCGGGCTGGACACCCCCCGCTGGGCACTGCTTCACGGCGTGCGCGGCGGGGCCGGCCCTGCTGAATTATTCACCCGTGTCTTTTGCGTACTTCTTGTTTCCTGGGTGGGCTCGCCCGCCCTCAGGACCAACCACAAACCTTTTGCAATAGCAATCAGCGTCAGTAACAACGTAATTAATTACAACTTTCAACAACGGATCTCTTGGTTCTGGCATCGATGAAGAACGCAGCGAAATGCGATACGTAGTGTGAATTGCAGAATTCAGTGAATCATCGAATCTTTGAACGCACATTGCGCCCTTTGGTATTCCAAAGGGCATGCCTGTTCGAGCGTCATTTGTACCCTCAAGCTTTGCTTGGTGTTGGGCGTCTTTTGTCTCCAGTTCGCTGGAGACTCGCCTTAAAGTCATTGGCAGCCGGCCTACTGGTTTCGGAGCGCAGCACAAGTCGCGCTCTTTGCCAGCCAAGGTNCAGCGTCCAGCAAGCCTTTTTTTCAACCTTTGACCTCGGATCAGGTAGGGATACCCGCTGAACTTA,600,manual (old),medium,19-Jul-16,1504,TRUE,TRUE,NA,89.3,NA,NA,NA,NA,1,NA,NA,NA,non-native,0,2,year 2,0,194.66666663,1,non-native,194.66666663,-1.3951426326619085,0.5539642583654855,0,0,0,1,0
774,1506,1506,2016,4/13/16,BD,transect,transect_5,transect_5E,ambient,non-serpentine,AllSeqData20152016.csv,NA,FALSE,X400,NA,NA,NA,NA,NA,NA,5,E,NA,NA,NA,foliar,NA,NA,All,NA,NA,NA,NA,NA,NA,1,Alternaria cf. infectoria,AGTAAAAGTCGTAACAAGGTCTCCGTAGGTGAACCTGCGGAGGGATCATTACACAATAACAAGGCGGGCTGGACACCCCCCGCTGGGCACTGCTTCACGGCGTGCGCGGCGGGGCCGGCCCTGCTGAATTATTCACCCGTGTCTTTTGCGTACTTCTTGTTTCCTGGGTGGGCTCGCCCGCCCTCAGGACCAACCACAAACCTTTTGCAGTAGCAATCAGCGTCAGTAACAACGTAATTAATTACAACTTTCAACAACGGATCTCTTGGTTCTGGCATCGATGAAGAACGCAGCGAAATGCGATACGTAGTGTGAATTGCAGAATTCAGTGAATCATCGAATCTTTGAACGCACATTGCGCCCTTTGGTATTCCAAAGGGCATGCCTGTTCGAGCGTCATTTGTACCCTCAAGCTTTGCTTGGTGTTGGGCGTCTTTTGTCTCCAGTTCGCTGGAGACTCGCCTTAAAGTCATTGGCAGCCGGCCTACTGGTTTCGGAGCGCAGCACAAGTCGCGCTCTTCGCCAGCCAAGGTCAGCGTCCAGCAAGCCTTTTTTTCAACCTTTGACCTCGGATCAGGTAGGGATACCCGCTGAACTTAAGCAT,604,automatic,high,OLD,1506,TRUE,TRUE,FALSE,93.2,6.5,0.3,2,100,0,1506_ITS1F_B03,1506_ITS4_B03,cdaws@stanford.edu_SEQ962988A_072116J,non-native,0,2,year 2,0,194.66666663,1,non-native,194.66666663,-1.3951426326619085,0.5539642583654855,0,0,0,1,0
775,1511,1511,2016,4/13/16,EG,transect,transect_5,transect_5E,ambient,non-serpentine,AllSeqData20152016.csv,NA,FALSE,X191,NA,NA,NA,NA,NA,NA,5,E,NA,NA,NA,foliar,NA,NA,All,NA,NA,NA,NA,NA,NA,1,Alternaria cf. infectoria,AAGTAAAAGTCGTAACAAGGTCTCCGTAGGTGAACCTGCGGAGGGATCATTACACAATAACAAGGCGGGCTGGACACCCCCCGCTGGGCACTGCTTCACGGCGTGCGCGGCGGGGCCGGCCCTGCTGAATTATTCACCCGTGTCTTTTGCGTACTTCTTGTTTCCTGGGTGGGCTCGCCCGCCCTCAGGACCAACCACAAACCTTTTGCAATAGCAATCAGCGTCAGTAACAACGTAATTAATTACAACTTTCAACAACGGATCTCTTGGTTCTGGCATCGATGAAGAACGCAGCGAAATGCGATACGTAGTGTGAATTGCAGAATTCAGTGAATCATCGAATCTTTGAACGCACATTGCGCCCTTTGGTATTCCAAAGGGCATGCCTGTTCGAGCGTCATTTGTACCCTCAAGCTTTGCTTGGTGTTGGGCGTCTTTTGTATCCAGTTCGCTGGAGACTCGCCTTAAAGTCATTGGCAGCCGGCCTACTGGTTTCGGAGCGCAGCACAAGTCGCGCTCTTTGCCAGCCAAGGTCAGCGTCCAGCAAGCCTTTTTTTCAACCTTTGACCTCGGATCAGGTAGGGATACCCGCTGAACTTAAGCA,604,manual (old),high,19-Jul-16,1511,TRUE,TRUE,NA,91.6,NA,NA,NA,NA,0,NA,NA,NA,native,1,2,year 2,0,194.66666663,0,native,194.66666663,-1.3951426326619085,0.5539642583654855,0,0,0,1,0
776,1513,1513,2016,4/13/16,SP,transect,transect_5,transect_5E,ambient,non-serpentine,AllSeqData20152016.csv,NA,FALSE,X405,NA,NA,NA,NA,NA,NA,5,E,NA,NA,NA,foliar,NA,NA,All,NA,NA,NA,NA,NA,NA,1,Alternaria cf. infectoria,AAGTAAAAGTCGTAACAAGGTCTCCGTAGGTGAACCTGCGGAGGGATCATTACACAATAACCAGGCGGGCTGGACACCCCCCGCTGGGCACTGCTTCACGGCGTGCGCGGCGGGGCCGGCCCTGCTGAATTATTCACCCGTGTCTTTTGCGTACTTCTTGTTTCCTGGGTGGGCTCGCCCGCCCTCAGGACCAACCACAAACCTTTTGCAATAGCAATCAGCGTCAGTAACAACGTAATTAATTACAACTTTCAACAACGGATCTCTTGGTTCTGGCATCGATGAAGAACGCAGCGAAATGCGATACGTAGTGTGAATTGCAGAATTCAGTGAATCATCGAATCTTTGAACGCACATTGCGCCCTTTGGTATTCCAAAGGGCATGCCTGTTCGAGCGTCATTTGTACCCTCAAGCTTTGCTTGGTGTTGGGCGTCTTTTGTCTCCAGTTCGCTGGAGACTCGCCTTAAAGTCATTGGCAGCCGGCCTACTGGTTTCGGAGCGCAGCACAAGTCGCGCTCTTTGCCAGCCAAGGTCAGCGTCCAGCAAGCCTTTTTTTCAACCTTTGACCTCGGATCAGGTAGGGATACCCGCTGAACTTAAGC,603,manual (old),high,19-Jul-16,1513,TRUE,TRUE,NA,91,NA,NA,NA,NA,0,NA,NA,NA,native,1,2,year 2,0,194.66666663,0,native,194.66666663,-1.3951426326619085,0.5539642583654855,0,0,0,1,0
801,1560,1560,2016,4/15/16,AB,transect,transect_4,transect_4E,ambient,non-serpentine,AllSeqData20152016.csv,NA,FALSE,X453,NA,NA,NA,NA,NA,NA,4,E,NA,NA,NA,foliar,NA,NA,All,NA,NA,NA,NA,NA,NA,1,Alternaria cf. infectoria,AAAAGTCGTAACAAGGTCTCCGTAGGTGAACCTGCGGAGGGATCATTACACAATAACCAGGCGGGCTGGACACCCCCCGCTGGGCACTGCTTCACGGCGTGCGCGGCGGGGCCGGCCCTGCTGAATTATTCACCCGTGTCTTTTGCGTACTTCTTGTTTCCTGGGTGGGCTCGCCCGCCCTCAGGACCAACCACAAACCTTTTGCAATAGCAATCAGCGTCAGTAACAACGTAATTAATTACAACTTTCAACAACGGATCTCTTGGTTCTGGCATCGATGAAGAACGCAGCGAAATGCGATACGTAGTGTGAATTGCAGAATTCAGTGAATCATCGAATCTTTGAACGCACATTGCGCCCTTTGGTATTCCAAAGGGCATGCCTGTTCGAGCGTCATTTGTACCCTCAAGCTTTGCTTGGTGTTGGGCGTCTTTTGTCTCCAGTTCGCTGGAGACTCGCCTTAAAGTCATTGGCAGCCGGCCTACTGGTTTCGGAGCGCAGCACAAGTCGCGCTCTTTGCCAGCCAAGGTCAGCGTCCAGCAAGCCTTTTTTTCAACCTTTGACCTCGGATCAGGTAGGGATACCCGCTGAACTTA,596,manual (old),medium,19-Jul-16,1560,TRUE,TRUE,NA,87.6,NA,NA,NA,NA,0,NA,NA,NA,non-native,0,2,year 2,3,349.33333333,1,non-native,352.33333333,-1.0055681982431894,1.89707585137692,0,0,0,1,0
802,1561,1561,2016,4/15/16,AB,transect,transect_4,transect_4E,ambient,non-serpentine,AllSeqData20152016.csv,NA,FALSE,X454,NA,NA,NA,NA,NA,NA,4,E,NA,NA,NA,foliar,NA,NA,All,NA,NA,NA,NA,NA,NA,58,Parastagonospora cf. cumpignensis,CAAAAAGTTAAAAAATTGTGGACGCAGTATTTAATAAGAATCGCGACTTGTGCTGCGCTTCATTACCAAAACACTGGCTGCCAATTATTTTAAGGCGAGTCCAAACGCGAGGGAGAGGACAAACACCCAACACCAAGCAGAGCTTGAGGGTACAAATGACGCTCGAACAGGCATGCCCCATGGAATACCAAGGGGCGCAATGTGCGTTCAAAGATTCGATGATTCACTGAATTCTGCAATTCACACTACTTATCGCATTTCGCTGCGTTCTTCATCGATGCCAGAACCAAGAGATCCGTTGTTGAAAGTTGTAATTATTAAGTTTTTCAGACGCTGATTGAAATTTAAAAGGTTATAGGTTTGTCCAATCGGCAGGCAAGCCTACCGAGGAAACGTGGGTACGCAAAAGACAAGGGTGATAAAAGAGGCCAGCTGCTCATCAGCTTGCGCTATACAGACTAACAGCCCCCTTTACAGTAGTAAACTACTGAGTGTAATGATCCTTCCGCAGGTTCACCTACGGAACAGTGTGAGGAGTAGCTTGGCAACCAAGTTAAATCCTCCCCCAAAGTTTCCAGAGGGGCTCGACTATATCTTAAGCAGGGCACAATAGTACCCCACCCACTTCCACTTAGTCTGTGAACGTTCCCCATGTTTGGTAGGTAACTACCATAAACTGCAGGGGCTTCGCTGCGGATTGTCCATTTCACTAACAAAGTTAGCTCATCCTTTTCACTATTACCATACCCTGTAGTTTCCCACAGGCCGCCAGCAGGTTTCCCATGCTGGTTTGGTGTAAAAGGCTCTTAGGAGTTCCCCGCAATTCGAAAGTGTCGCCAGCAAACGCTGACTTGCATAGGACTGATATTATTTATTGTCGCTCAGTTTACTGTTTCCAGCTGCACAGGCTTACCGCAAGTGTGCGAAGAATCAACCTTGTACGACTTTTACTTC----------,954,manual (old),medium,19-Jul-16,1561,TRUE,TRUE,NA,87.2,NA,NA,NA,NA,0,NA,NA,NA,non-native,0,2,year 2,3,349.33333333,1,non-native,352.33333333,-1.0055681982431894,1.89707585137692,0,0,0,0,0
803,1562,1562,2016,4/15/16,AB,transect,transect_4,transect_4E,ambient,non-serpentine,AllSeqData20152016.csv,pink + necrosis,FALSE,X455,NA,NA,NA,NA,NA,NA,4,E,NA,NA,NA,foliar,NA,NA,All,NA,NA,NA,NA,NA,NA,1,Alternaria cf. infectoria,AAGTAAAAGTCGTAACAAGGTCTCCGTAGGTGAACCTGCGGAGGGATCATTACACAATAACCAGGCGGGCTGGACACCCCCCGCTGGGCACTGCTTCACGGCGTGCGCGGCGGGGCCGGCCCTGCTGAATTATTCACCCGTGTCTTTTGCGTACTTCTTGTTTCCTGGGTGGGCTCGCCCGCCCTCAGGACCAACCACAAACCTTTTGCAATAGCAATCAGCGTCAGTAACAACGTAATTAATTACAACTTTCAACAACGGATCTCTTGGTTCTGGCATCGATGAAGAACGCAGCGAAATGCGATACGTAGTGTGAATTGCAGAATTCAGTGAATCATCGAATCTTTGAACGCACATTGCGCCCTTTGGTATTCCAAAGGGCATGCCTGTTCGAGCGTCATTTGTACCCTCAAGCTTTGCTTGGTGTTGGGCGTCTTTTGTCTCCAGTTCGCTGGAGACTCGCCTTAAAGTCATTGGCAGCCGGCCTACTGGTTTCGGAGCGCAGCACAAGTCGCGCTCTTTGCCAGCCAAGGTCAGCGTCCAGCAAGCCTTTTTTTCAACCTTTGACCTCGGATCAGGTAGGGATACCCGCTGAACTTAAGCAT,605,automatic,high,OLD,1562,TRUE,TRUE,FALSE,92.9,6.6,0.5,2,100,0,1562_ITS1F_G06,1562_ITS4_G06,cdaws@stanford.edu_SEQ962988A_072116J,non-native,0,2,year 2,3,349.33333333,1,non-native,352.33333333,-1.0055681982431894,1.89707585137692,0,0,0,1,0
804,1563,1563,2016,4/15/16,BD,transect,transect_4,transect_4E,ambient,non-serpentine,AllSeqData20152016.csv,NA,FALSE,X456,NA,NA,NA,NA,NA,NA,4,E,NA,NA,NA,foliar,NA,NA,All,NA,NA,NA,NA,NA,NA,3,Ramularia cf. proteae,AAGTAAAAGTCGTAACAAGGTCTCCGTAGGTGAACCTGCGGAGGGATCATTACTGAGTGAGGGAGCAATCCCGACCTCCAACCCTTTGTGAACGCATCACGTTGCTTCGGGGGCGACCCTGCCGCGCGAGCGGCATTCCCCCGGAGGTCATCAAAACACTGCATTCTTACGTCGGAGTAAAAAGTTAATTTAATAAAACTTTCAACAACGGATCTCTTGGTTCTGGCATCGATGAAGAACGCAGCGAAATGCGATAAGTAATGTGAATTGCAGAATTCAGTGAATCATCGAATCTTTGAACGCACATTGCGCCCCCTGGTATTCCGGGGGGCATGCCTGTTCGAGCGTCATTTCACCACTCAAGCCTCGCTTGGTATTGGGCGTCGCGAGTCTCTCGCGCGCCTCAAAGTCTCCGGCTGAGCGGTTCGTCTCCCAGCGTTGTGGCAACTATTCGCAGAGGAGTTCGAGTCGTCGCGGCCGTTAAATCTTTCAAAGGTTGACCTCGGATCAGGTAGGGATACCCGCTGAACTTAAGC,536,manual (old),high,19-Jul-16,1563,TRUE,TRUE,NA,93.8,NA,NA,NA,NA,0,NA,NA,NA,non-native,0,2,year 2,3,349.33333333,1,non-native,352.33333333,-1.0055681982431894,1.89707585137692,1,0,0,0,0
805,1569,1569,2016,4/15/16,EG,transect,transect_4,transect_4E,ambient,non-serpentine,AllSeqData20152016.csv,NA,FALSE,X462,NA,NA,NA,NA,NA,NA,4,E,NA,NA,NA,foliar,NA,NA,All,NA,NA,NA,NA,NA,NA,2,Drechslera sp.,AAGTAAAAGTCGTAACAAGGTCTCCGTAGGTGAACCTGCGGAGGGATCATTACACAAATATGAAGGCAGACTGGGCGCCCTCTAGGGGGCCCCTTCTGACGCCATATTCACCCATGTCTTTTGCGTACTACTTGTTTCCTTGGCGGGTTCGCCCGCCAATTGGACCCCATTTAAACCTTTTTTTATTGTAATTGCAATCAGCGTCAGCAAAATAATGTAATAAATTACAACTTTCAACAACGGATCTCTTGGTTCTGGCATCGATGAAGAACGCAGCGAAATGCGATAAGTAGTGTGAATTGCAGAATTCAGTGAATCATCGAATCTTTGAACGCACATTGCGCCCTTTGGTATTCCAAAGGGCATGCCTGTTCGAGCGTCATTTGTACTCTCAAGCTTTGCTTGGTGTTGGGCGTTTTTGTCTTGGGTTCGCCCGAGACTCGCCTTAAAATCATTGGCAGCCGGCCTACTGGTTTCGGAGCGCAGCACATTTTTGCGCTTTGTCCAGTTGCGGTCCGCGTCCATGAAGCGAACATTTTCCACGTTTGACCTCGGATCAGGTAGGGATACCCGCTGAACTTAAGC,585,manual (old),high,19-Jul-16,1569,TRUE,TRUE,NA,94.2,NA,NA,NA,NA,0,NA,NA,NA,native,1,2,year 2,3,349.33333333,0,native,352.33333333,-1.0055681982431894,1.89707585137692,0,0,0,0,1
808,1573,1573,2016,4/15/16,SP,transect,transect_4,transect_4E,ambient,non-serpentine,AllSeqData20152016.csv,NA,FALSE,SP082,NA,NA,NA,NA,NA,NA,4,E,NA,NA,NA,foliar,NA,NA,All,NA,NA,NA,NA,NA,NA,87,Pyrenophora cf. lolii,#NAME?,250,manual (old),low,19-Jul-16,1573,TRUE,TRUE,NA,64,NA,NA,NA,NA,16,NA,NA,NA,native,1,2,year 2,3,349.33333333,0,native,352.33333333,-1.0055681982431894,1.89707585137692,0,1,0,0,0
809,1574,1574,2016,4/15/16,SP,transect,transect_4,transect_4E,ambient,non-serpentine,AllSeqData20152016.csv,leopard,FALSE,X463,NA,NA,NA,NA,NA,NA,4,E,NA,NA,NA,foliar,NA,NA,All,NA,NA,NA,NA,NA,NA,2,Drechslera sp.,AAGTAAAAGTCGTAACAAGGTCTCCGTAGGTGAACCTGCGGAGGGATCATTACACAAATATGAAGGCAGACTGGGCGCCCTCTAGGGGGCCCCTTCTGACGCCATATTCACCCATGTCTTTTGCGTACTACTTGTTTCCTTGGCGGGTTCGCCCGCCAATTGGACCCCATTTAAACCTTTTTTTATTGTAATTGCAATCAGCGTCAGCAAAATAATGTAATAAATTACAACTTTCAACAACGGATCTCTTGGTTCTGGCATCGATGAAGAACGCAGCGAAATGCGATAAGTAGTGTGAATTGCAGAATTCAGTGAATCATCGAATCTTTGAACGCACATTGCGCCCTTTGGTATTCCAAAGGGCATGCCTGTTCGAGCGTCATTTGTACTCTCAAGCTTTGCTTGGTGTTGGGCGTTTTTGTCTTGGGTTCGCCCGAGACTCGCCTTAAAATCATTGGCAGCCGGCCTACTGGTTTCGGAGCGCAGCACATTTTTGCGCTTTGTCCAGTTGCGGTCCGCGTCCATGAAGCGAACATTTTCCACGTTTGACCTCGGATCAGGTAGGGATACCCGCTGAACTTAAG,584,manual (old),high,19-Jul-16,1574,TRUE,TRUE,NA,91.3,NA,NA,NA,NA,0,NA,NA,NA,native,1,2,year 2,3,349.33333333,0,native,352.33333333,-1.0055681982431894,1.89707585137692,0,0,0,0,1
810,1576,1576,2016,4/15/16,AB,transect,transect_4,transect_4A,ambient,non-serpentine,AllSeqData20152016.csv,NA,FALSE,X466,NA,NA,NA,NA,NA,NA,4,A,NA,NA,NA,foliar,NA,NA,All,NA,NA,NA,NA,NA,NA,4,Pyrenophora cf. chaetomioides,AAGTAAAAGTCGTAACAAGGTCTCCGTAGGTGAACCTGCGGAGGGATCATTACCCAAATATGAAACGCAGACTGGGCACCCTCGAGGAGCGATTCGTCGTCCCCCTCCTGGGCCGGTCTGACGCCATATTCACCCATGTCTTTTGCGTACTACTTGTTTCCTTGGCGGGTTCGCCCGCCATTAGGACCCAACCATAAACCTTTTTGTAATTGCAATCAGCGTCTGAACAATGTAATAAATTACAACTTTCAACAACGGATCTCTTGGTTCTGGCATCGATGAAGAACGCAGCGAAATGCGATAAGTAGTGTGAATTGCAGAATTCAGTGAATCATCGAATCTTTGAACGCACATTGCGCCCTTTGGTATTCCAAAGGGCATGCCTGTTCGAGCGTCATTTGTACCCTCAAGCTTTGCTTGGTGTTGGGCGTTTTGTCTTGGGTCCGTCCCGAGACTCGCCTTAAAATCATTGGCAGCCGGCCTACTGGTTTCGGAGCGCAGCACATTTTTTGCGCCCTGGTCCAGTGGTCCAGCGTCCATGAAGCGAATATTTTTTTCAATTTGACCTCGGATCAGGTAGGGATACCCGCTGAACTTAAGCAT,603,automatic,medium,OLD,1576,TRUE,TRUE,FALSE,82.6,14.9,2.5,2,100,0,1576_ITS1F_F12,1576_ITS4_F12,cdaws@stanford.edu_SEQ960345A_071516I,non-native,0,2,year 2,12,31,1,non-native,43,0.16315510501296795,-0.8673025344766382,0,0,1,0,0
811,1577,1577,2016,4/15/16,AB,transect,transect_4,transect_4A,ambient,non-serpentine,AllSeqData20152016.csv,purple,FALSE,X467,NA,NA,NA,NA,NA,NA,4,A,NA,NA,NA,foliar,NA,NA,All,NA,NA,NA,NA,NA,NA,1,Alternaria cf. infectoria,AAGTAAAAGTCGTAACAAGGTCTCCGTAGGTGAACCTGCGGAGGGATCATTACACAATAACAAGGCGGGCTGGACACCCCCCGCTGGGCACTGCTTCACGGCGTGCGCGGCGGGGCCGGCCCTGCTGAATTATTCACCCGTGTCTTTTGCGTACTTCTTGTTTCCTGGGTGGGCTCGCCCGCCCTCAGGACCAACCACAAACCTTTTGCAATAGCAATCAGCGTCAGTAACAACGTAATTAATTACAACTTTCAACAACGGATCTCTTGGTTCTGGCATCGATGAAGAACGCAGCGAAATGCGATACGTAGTGTGAATTGCAGAATTCAGTGAATCATCGAATCTTTGAACGCACATTGCGCCCTTTGGTATTCCAAAGGGCATGCCTGTTCGAGCGTCATTTGTACCCTCAAGCTTTGCTTGGTGTTGGGCGTCTTTTGTCTCCAGTTCGCTGGAGACTCGCCTTAAAGTCATTGGCAGCCGGCCTACTGGTTTCGGAGCGCAGCACAAGTCGCGCTCTTTGCCAGCCAAGGTCAGCGTCCAGCAAGCCTTTTTTTCAACCTTTGACCTCGGATCAGGTAGGGATACCCGCTGAACTTAAGC,603,manual (old),high,19-Jul-16,1577,TRUE,TRUE,NA,93.5,NA,NA,NA,NA,0,NA,NA,NA,non-native,0,2,year 2,12,31,1,non-native,43,0.16315510501296795,-0.8673025344766382,0,0,0,1,0
812,1578,1578,2016,4/15/16,BD,transect,transect_4,transect_4A,ambient,non-serpentine,AllSeqData20152016.csv,NA,FALSE,X468,NA,NA,NA,NA,NA,NA,4,A,NA,NA,NA,foliar,NA,NA,All,NA,NA,NA,NA,NA,NA,42,Alternaria sp.,ACCTGATCCGAGGTCAAAGGTTGAAAAAAAGGCTTGCTGGACGCTGACCTTGGCTGGCAAAGAGCGCGACTTGTGCTGCGCTCCGAAACCAGTAGGCCGGCTGCCAATGACTTTAAGGCGAGTCTCCAGCGAACTGGAGACAAAAGACGCCCAACACCAAGCAAAGCTTGAGGGTACAAATGACGCTCGAACAGGCATGCCCTTTGGAATACCAAAGGGCGCAATGTGCGTTCAAAGATTCGATGATTCACTGAATTCTGCAATTCACACTACGTATCGCATTTCGCTGCGTTCTTCATCGATGCCAGAACCAAGAGATCCGTTGTTGAAAGTTGTAATTAATTACGTTGTTACTGACGCTGATTGCTATTGCAAAAGGTTTGTGGTTGGTCCTGAGGGCGGGCGAGCCCACCCAGGAAACAAGAAGTACGCAAAAGACACGGGTGAATAATTCAGCAGGGCCGGCCCCGCCGCGCACGCCGTGAAGCAGTGCCCAGCGGGGGGCGTCCAGCCCGCCTGGTTATTGTGTAATGATCCCTCCGCAGGTTCACCTACGGAGACCTTGTTACGACTTTTACTT,580,manual (old),medium,19-Jul-16,1578,TRUE,TRUE,NA,88.6,NA,NA,NA,NA,0,NA,NA,NA,non-native,0,2,year 2,12,31,1,non-native,43,0.16315510501296795,-0.8673025344766382,0,0,0,0,0
813,1579,1579,2016,4/15/16,BD,transect,transect_4,transect_4A,ambient,non-serpentine,AllSeqData20152016.csv,necrosis,FALSE,X469,NA,NA,NA,NA,NA,NA,4,A,NA,NA,NA,foliar,NA,NA,All,NA,NA,NA,NA,NA,NA,10,unknown Pleosporaceae,AAGTAAAAGTCGTAACAAGGTCTCCGTAGGTGAACCTGCGGAGGGATCATTACACAAATATGAAAGCAGACCCTCATTGGGGCGTAACGTCACGCCGTGTCCGCAATAGCGTCATTGCTGTTGTGCTGACGCGGCGGGGGGTAACGCCCTTTTGGGCCAGTCTGACTCCATATTCACCCATGTCTTTTGCGTACTACTTGTTTCCTTGGCGGGTTCGCCCGCCAATTGGACCCAATTAAACCTTTTTTGTAATTGCAATCAGCGTCAGCAAAACAATGTAATAAATTACAACTTTCAACAACGGATCTCTTGGTTCTGGCATCGATGAAGAACGCAGCGAAATGCGATAAGTAGTGTGAATTGCAGAATTCAGTGAATCATCGAATCTTTGAACGCACATTGCGCCCTTTGGTATTCCAAAGGGCATGCCTGTTCGAGCGTCATTTGTACCCTCAAGCTTTGCTTGGTGTTGGGCGTTTTTGTCTCGGGTCCGCCCCGAGACTCGCCTTAAAATCATTGGCAGCCGGCCTACTGGTTTCGGAGCGCAGCACATTTTTGCGCTTTGTCCAGTCGTGGTCTTGCGTCCATGAAGCGAATATTTTCAACGTTTGACCTCGGATCAGGTAGGGATACCCGCTGAACTTAAGC,648,manual (old),high,19-Jul-16,1579,TRUE,TRUE,NA,90.9,NA,NA,NA,NA,0,NA,NA,NA,non-native,0,2,year 2,12,31,1,non-native,43,0.16315510501296795,-0.8673025344766382,0,0,0,0,0
814,1580,1580,2016,4/15/16,BD,transect,transect_4,transect_4A,ambient,non-serpentine,AllSeqData20152016.csv,NA,FALSE,X470,NA,NA,NA,NA,NA,NA,4,A,NA,NA,NA,foliar,NA,NA,All,NA,NA,NA,NA,NA,NA,1,Alternaria cf. infectoria,AGTAAAAGTCGTAACAAGGTCTCCGTAGGTGAACCTGCGGAGGGATCATTACACAATAACAAGGCGGGCTGGACACCCCCCGCTGGGCACTGCTTCACGGCGTGCGCGGCGGGGCCGGCCCTGCTGAATTATTCACCCGTGTCTTTTGCGTACTTCTTGTTTCCTGGGTGGGCTCGCCCGCCCTCAGGACCAACCACAAACCTTTTGCAATAGCAATCAGCGTCAGTAACAACGTAATTAATTACAACTTTCAACAACGGATCTCTTGGTTCTGGCATCGATGAAGAACGCAGCGAAATGCGATACGTAGTGTGAATTGCAGAATTCAGTGAATCATCGAATCTTTGAACGCACATTGCGCCCTTTGGTATTCCAAAGGGCATGCCTGTTCGAGCGTCATTTGTACCCTCAAGCTTTGCTTGGTGTTGGGCGTCTTTTGTCTCCAGTTCGCTGGAGACTCGCCTTAAAGTCATTGGCAGCCGGCCTACTGGTTTCGGAGCGCAGCACAAGTCGCGCTCTTTGCCAGCCAAGGTCAGCGTCCAGCAAGCCTTTTTTTCAACCTTTGACCTCGGATCAGGTAGGGATACCCGCTGAACTTA,599,manual (old),medium,19-Jul-16,1580,TRUE,TRUE,NA,84.6,NA,NA,NA,NA,0,NA,NA,NA,non-native,0,2,year 2,12,31,1,non-native,43,0.16315510501296795,-0.8673025344766382,0,0,0,1,0
815,1582,1582,2016,4/15/16,BH,transect,transect_4,transect_4A,ambient,non-serpentine,AllSeqData20152016.csv,NA,FALSE,X472,NA,NA,NA,NA,NA,NA,4,A,NA,NA,NA,foliar,NA,NA,All,NA,NA,NA,NA,NA,NA,7,Parastagonospora cf. avenae,AAGTAAAAGTCGTAACAAGGTTTCCGTAGGTGAACCTGCGGAAGGATCATTACACTCAGTAGTTTACTACTGTAAAAGGGGCTGTTAGTCTGTATAGCGCAAGCTGATGAGCAGCTGGCCTCTTTTATCCACCCTTGTCTTTTGCGTACCCATGTTTCCTCGGCAGGCTTGCCTGCCGATTGGACAAACTTATAACCTTTTTCATTTTCAATCAGCGTCTGAAAAACTTAATAATTACAACTTTCAACAACGGATCTCTTGGTTCTGGCATCGATGAAGAACGCAGCGAAATGCGATAAGTAGTGTGAATTGCAGAATTCAGTGAATCATCGAATCTTTGAACGCACATTGCGCCCCTTGGTATTCCATGGGGCATGCCTGTTCGAGCGTCATTTGTACCCTCAAGCTCTGCTTGGTGTTGGGTGTTTGTCCTCTCCCTCGTGTTTGGACTCGCCTTAAAATGATTGGCAGCCAGTGTTTTGGTATTGAAGCGCAGCACAAGTCGCGATTCTTAGCAAACACTTGCGTCCACAAGCCTTTTTTTAACTTTTGACCTCGGATCAGGTAGGGATACCCGCTGAACTTAAGCATA,592,automatic,high,OLD,1582,TRUE,TRUE,FALSE,92.1,7.3,0.7,2,100,0,1582_ITS1F_H06,1582_ITS4_H06,cdaws@stanford.edu_SEQ962988A_072116J,non-native,0,2,year 2,12,31,1,non-native,43,0.16315510501296795,-0.8673025344766382,0,0,0,0,0
816,1585,1585,2016,4/15/16,SP,transect,transect_4,transect_4A,ambient,non-serpentine,AllSeqData20152016.csv,leopard- might be two lesions,FALSE,SP071,NA,NA,NA,NA,NA,NA,4,A,NA,NA,NA,foliar,NA,NA,All,NA,NA,NA,NA,NA,NA,7,Parastagonospora cf. avenae,AGTAAAAGTCGTAACAAGGTTTCCGTAGGTGAACCTGCGGAAGGATCATTACACTCAGTAGTTTACTACTGTAAAAGGGGCTGTTAGTCTGTATAGCGCAAGCTGATGAGCAGCTGGCCTCTTTTATCCACCCTTGTCTTTTGCGTACCCATGTTTCCTCGGCAGGCTTGCCTGCCGATTGGACAAACTTATAACCTTTTTCATTTTCAATCAGCGTCTGAAAAACTTAATAATTACAACTTTCAACAACGGATCTCTTGGTTCTGGCATCGATGAAGAACGCAGCGAAATGCGATAAGTAGTGTGAATTGCAGAATTCAGTGAATCATCGAATCTTTGAACGCACATTGCGCCCCTTGGTATTCCATGGGGCATGCCTGTTCGAGCGTCATTTGTACCCTCAAGCTCTGCTTGGTGTTGGGTGTTTGTCCTCTCCCTCGTGTTTGGACTCGCCTTAAAATGATTGGCAGCCAGTGTTTTGGTATTGAAGCGCAGCACAAGTCGCGATTCTTAGCAAACACTTGCGTCCACAAGCCTTTTTTTAACTTTTGACCTCGGATCAGGTAGGGATACCCGCTGAACTTAAGC,588,manual (old),high,19-Jul-16,1585,TRUE,TRUE,NA,94.9,NA,NA,NA,NA,0,NA,NA,NA,native,1,2,year 2,12,31,0,native,43,0.16315510501296795,-0.8673025344766382,0,0,0,0,0
817,1586,1586,2016,4/15/16,SP,transect,transect_4,transect_4A,ambient,non-serpentine,AllSeqData20152016.csv,leopard- tiny tissue piece,FALSE,X475,NA,NA,NA,NA,NA,NA,4,A,NA,NA,NA,foliar,NA,NA,All,NA,NA,NA,NA,NA,NA,13,Neoascochyta sp.,AAGTAAAAGTCGTAACAAGGTTTCCGTAGGTGAACCTGCGGAAGGATCATTACCGAGAGTTGTAGGCTTCTGTCTGCCATCTCTTACCCATGTCTTTTGCGTACTACACGTTTCCTCGGCAGGTCCGCCTGCCGTTAGGACCCCATTAAACCATTTGCAGTTGCAGTCAGCGTCTGAAAAACATAATAATTACAACTTTTAACAACGGATCTCTTGGTTCTGGCATCGATGAAGAACGCAGCGAAATGCGATAAGTAGTGTGAATTGCAGAATTCAGTGAATCATCGAATCTTTGAACGCACATTGCGCCCCTTGGTATTCCATGGGGCATGCCTGTTCGAGCGTCATTTGTACCTTCAAGCTCTGCTTGGTGTTGGGTGTTTGTCCCGCCTCTGTGCGTGGACTCGCCTTAAAGCAATTGGCAGCCGGCGTATTGGTTCCGGAGCGCAGCACAAAACGCGCTCTGTGTCCCTGTATTGCGGCGTCCATCAAGACCATTTTACACTCTTGACCTCGGATCAGGTAGGGATACCCGCTGAACTTAAGCATATCA,553,automatic,high,OLD,1586,TRUE,TRUE,FALSE,98,2,0,2,100,0,1586_ITS1F_A07,1586_ITS4_A07,cdaws@stanford.edu_SEQ962988A_072116J,native,1,2,year 2,12,31,0,native,43,0.16315510501296795,-0.8673025344766382,0,0,0,0,0
818,1587,1587,2016,4/15/16,SP,transect,transect_4,transect_4A,ambient,non-serpentine,AllSeqData20152016.csv,leopard,FALSE,X476,NA,NA,NA,NA,NA,NA,4,A,NA,NA,NA,foliar,NA,NA,All,NA,NA,NA,NA,NA,NA,7,Parastagonospora cf. avenae,AAGTAAAAGTCGTAACAAGGTTTCCGTAGGTGAACCTGCGGAAGGATCATTACACTCAGTAGTTTACTACTGTAAAAGGGGCTGTTAGTCTGTATAGCGCAAGCTGATGAGCAGCTGGCCTCTTTTATCCACCCTTGTCTTTTGCGTACCCATGTTTCCTCGGCAGGCTTGCCTGCCGATTGGACAAACTTATAACCTTTTTCATTTTCAATCAGCGTCTGAAAAACTTAATAATTACAACTTTCAACAACGGATCTCTTGGTTCTGGCATCGATGAAGAACGCAGCGAAATGCGATAAGTAGTGTGAATTGCAGAATTCAGTGAATCATCGAATCTTTGAACGCACATTGCGCCCCTTGGTATTCCATGGGGCATGCCTGTTCGAGCGTCATTTGTACCCTCAAGCTCTGCTTGGTGTTGGGTGTTTGTCCTCTCCCTCGTGTTTGGACTCGCCTTAAAATGATTGGCAGCCAGTGTTTTGGTATTGAAGCGCAGCACAAGTCGCGATTCTTAGCAAACACTTGCGTCCACAAGCCTTTTTTTAACTTTTGACCTCGGATCAGGTAGGGATACCCGCTGAACTTAAGCA,590,manual (old),medium,19-Jul-16,1587,TRUE,TRUE,NA,86.8,NA,NA,NA,NA,0,NA,NA,NA,native,1,2,year 2,12,31,0,native,43,0.16315510501296795,-0.8673025344766382,0,0,0,0,0
822,1592_1,1592,2016,4/20/16,EG,transect,transect_8,transect_8A,ambient,non-serpentine,AllSeqData20152016.csv,NA,FALSE,X488,NA,NA,NA,NA,NA,NA,8,A,NA,NA,NA,foliar,NA,NA,All,NA,NA,NA,NA,NA,NA,1,Alternaria cf. infectoria,AGTAAAAGTCGTAACAAGGTCTCCGTAGGTGAACCTGCGGAGGGATCATTACACAATAACAAGGCGGGCTGGACACCCCCCGCTGGGCATTGCTTCACGGCGTGCGCGGCGGGGCCGGCCCTGCTGAATTATTCACCCGTGTCTTTTGCGTACTTCTTGTTTCCTGGGTGGGCTCGCCCGCCCTCAGGACCAACCACAAACCTTTTGCAATAGCAATCAGCGTCAGTAACAACGTAATCAATTACAACTTTCAACAACGGATCTCTTGGTTCTGGCATCGATGAAGAACGCAGCGAAATGCGATACGTAGTGTGAATTGCAGAATTCAGTGAATCATCGAATCTTTGAACGCACATTGCGCCCTTTGGTATTCCAAAGGGCATGCCTGTTCGAGCGTCATTTGTACCCTCAAGCTTTGCTTGGTGTTGGGCGTCTTTTGTCTCCAGTTCGCTGGAGACTCGCCTTAAAGTCATTGGCAGCCGGCCTACTGGTTTCGGAGCGCAGCACAAGTCGCGCTCTTCGCCAGCCAAGGTCAGCGTCCAGCAAGCCTTTTTTTCAACCTTTGACCTCGGATCAGGTAGGGATACCCGCTGAACTTAAGCAT,604,automatic,high,OLD,1592_1,TRUE,TRUE,FALSE,93,6.5,0.5,2,100,0,1592_1_ITS1F_B07,1592_1_ITS4_B07,cdaws@stanford.edu_SEQ962988A_072116J,native,1,2,year 2,14,103,0,native,117,0.42287139462544737,-0.2420609309681346,0,0,0,1,0
823,1592_2,1592,2016,4/20/16,EG,transect,transect_8,transect_8A,ambient,non-serpentine,AllSeqData20152016.csv,NA,FALSE,X488,NA,NA,NA,NA,NA,NA,8,A,NA,NA,NA,foliar,NA,NA,All,NA,NA,NA,NA,NA,NA,7,Parastagonospora cf. avenae,AAGTAAAAGTCGTAACAAGGTTTCCGTAGGTGAACCTGCGGAAGGATCATTACACTCAGTAGTTTACTACTGTAAAAGGGGCTGTTAGTCTGTATAGCGCAAGCTGATGAGCAGCTGGCCTCTTTTATCCACCCTTGTCTTTTGCGTACCCATGTTTCCTCGGCAGGCTTGCCTGCCGATTGGACAAACTTATAACCTTTTTCATTTTCAATCAGCGTCTGAAAAACTTAATAATTACAACTTTCAACAACGGATCTCTTGGTTCTGGCATCGATGAAGAACGCAGCGAAATGCGATAAGTAGTGTGAATTGCAGAATTCAGTGAATCATCGAATCTTTGAACGCACATTGCGCCCCTTGGTATTCCATGGGGCATGCCTGTTCGAGCGTCATTTGTACCCTCAAGCTCTGCTTGGTGTTGGGTGTTTGTCCTCTCCCTCGTGTTTGGACTCGCCTTAAAATGATTGGCAGCCAGTGTTTTGGTATTGAAGCGCAGCACAAGTCGCGATTCTTAGCAAACACTTGCGTCCACAAGCCTTTTTTTAACTTTTGACCTCGGATCAGGTAGGGATACCCGCTGAACTTAAGCATATCA,595,automatic,high,OLD,1592_2,TRUE,TRUE,FALSE,94.8,5.2,0,2,98.8,0,1592_2_ITS1F_C07,1592_2_ITS4_C07,cdaws@stanford.edu_SEQ962988A_072116J,native,1,2,year 2,14,103,0,native,117,0.42287139462544737,-0.2420609309681346,0,0,0,0,0
824,1593,1593,2016,4/20/16,EG,transect,transect_8,transect_8A,ambient,non-serpentine,AllSeqData20152016.csv,NA,FALSE,X481,NA,NA,NA,NA,NA,NA,8,A,NA,NA,NA,foliar,NA,NA,All,NA,NA,NA,NA,NA,NA,67,unknown Meruliaceae,AAGTAAAAGTCGTAACAAGGTTTCCGTAGGTGAACCTGCGGAAGGATCATTATCGAGTTTTGAAACGGGTTGTAGCTGGCCTTTCTAACCAGGAAGGCATGTGCACGCCTGGCTCATTCCACTCTTCAACCTCTGTGCACTTATTGTAGGTCGGTGGAAAGCTTGGAGCTTTAAAAGGCTTCAAGTTGGAAGCCTTCCTATGTTTTTACTACAAACGCTTCAGTTATAGAATGTTTATCTTGCGTATAACGCATTTATATACAACTTTCAGCAACGGATCTCTTGGCTCTCGCATCGATGAAGAACGCAGCGAAATGCGATAAGTAATGTGAATTGCAGAATTCAGTGAATCATCGAATCTTTGAACGCACCTTGCGCTCCCTGGTATTCCGGGGAGCATGCCTGTTTGAGTGTCATGGAATTCTCAACCTTTTAAATTTTTGTTAATCAAAAGTTTAGAAGGCTTGGACTTGGAGGCTTGTGCTGGCTCTAATTTGTTGAGTCGGCTCCTCTTAAATGCATTAGCGTGAATGTTTACGGATCGCTTCGGTGTGATAATTATCTGCGCCGTGGTTGTGAAGTATCGATAAGTTTACGCTTCTAATCGTCCTTTCAATAGGACAATTAATAAAACTTGACATCTGGCCTCAAATCAGGTAGGACTACCCGCTGAACTTAAGCAT,683,automatic,high,OLD,1593,TRUE,TRUE,FALSE,93.4,6.3,0.3,2,99.8,0,1593_ITS1F_D07,1593_ITS4_D07,cdaws@stanford.edu_SEQ962988A_072116J,native,1,2,year 2,14,103,0,native,117,0.42287139462544737,-0.2420609309681346,0,0,0,0,0
825,1594A,1594,2016,4/20/16,EG,transect,transect_8,transect_8A,ambient,non-serpentine,AllSeqData20152016.csv,NA,FALSE,X482,NA,NA,NA,NA,NA,NA,8,A,NA,NA,NA,foliar,NA,NA,All,NA,NA,NA,NA,NA,NA,3,Ramularia cf. proteae,AAGTAAAAGTCGTAACAAGGTCTCCGTAGGTGAACCTGCGGAGGGATCATTACTGAGTGAGGGAGCAATCCCGACCTCCAACCCTTTGTGAACGCATCACGTTGCTTCGGGGGCGACCCTGCCGCGCGAGCGGCATTCCCCCCGGAGGTCATCAAAACACTGCATTCTTACGTCGGAGTAAAAAGTTAATTTAATAAAACTTTCAACAACGGATCTCTTGGTTCTGGCATCGATGAAGAACGCAGCGAAATGCGATAAGTAATGTGAATTGCAGAATTCAGTGAATCATCGAATCTTTGAACGCACATTGCGCCCCCTGGTATTCCGGGGGGCATGCCTGTTCGAGCGTCATTTCACCACTCAAGCCTCGCTTGGTATTGGGCGTCGCGAGTCTCTCGCGCGCCTCAAAGTCTCCGGCTGAGCGGTTCGTCTCCCAGCGTTGTGGCAACTATTCGCAGAGGAGTTCGAGTCGTCGCGGCCGTTAAATCTTTCAAAGGTTGACCTCGGATCAGGTAGGGATACCCGCTGAACTTAAGCAT,539,automatic,high,OLD,1594a,TRUE,TRUE,FALSE,97.2,2.4,0.4,2,99.8,0,1594a_ITS1F_E07,1594a_ITS4_E07,cdaws@stanford.edu_SEQ962988A_072116J,native,1,2,year 2,14,103,0,native,117,0.42287139462544737,-0.2420609309681346,1,0,0,0,0
826,1594B,1594,2016,4/20/16,EG,transect,transect_8,transect_8A,ambient,non-serpentine,AllSeqData20152016.csv,NA,FALSE,X482,NA,NA,NA,NA,NA,NA,8,A,NA,NA,NA,foliar,NA,NA,All,NA,NA,NA,NA,NA,NA,17,unknown Phaeosphaeriaceae,AAGTAAAAGTCGTAACAAGGTTTCCGTAGGTGAACCTGCGGAAGGATCATTACACTCAGTAGTTTACTACTGTAAAGGAGGCTGTCAGTCTGTATAGCTTTACCGCTGATGAGCAGCAGGTCTCTTTTATCTACCCTTGTCTTTTGCGTACTCATGTTTCCTCGGCAGGCTTGCCTGTCGATTGGACAACTCTATAACCTTTTTAATATTCAATCAGCGTCTGAAAAACTTAATAATTACAACTTTCAACAACGGATCTCTTGGTTCTGGCATCGATGAAGAACGCAGCGAAATGCGATAAGTAGTGTGAATTGCAGAATTCAGTGAATCATCGAATCTTTGAACGCACATTGCGCCCCTTGGTATTCCATGGGGCATGCCTGTTCGAGCGTCATTTGTACCTTCAAGCTCTGCTTGGTGTTGGGTGTTTGTCCTCTCTCTTGTGTTTGGACTCGCCTTAAAATAATTGGCAGCCAGTATTTTGGTAATGAAGCGCAGCACAAGTCGCGATTCTTACCTAGCAATACTTGCGTCCACAAGCCTTTTTTTCACTTTTGACCTCGGATCAGGTAGGGATACCCGCTGAACTTAAGCATAT,598,automatic,high,OLD,1594b,TRUE,TRUE,FALSE,96,3.8,0.2,2,99.4,0,1594b_ITS1F_F07,1594b_ITS4_F07,cdaws@stanford.edu_SEQ962988A_072116J,native,1,2,year 2,14,103,0,native,117,0.42287139462544737,-0.2420609309681346,0,0,0,0,0
827,1595,1595,2016,4/20/16,SP,transect,transect_8,transect_8A,ambient,non-serpentine,AllSeqData20152016.csv,leopard - multiple spots,FALSE,X483,NA,NA,NA,NA,NA,NA,8,A,NA,NA,NA,foliar,NA,NA,All,NA,NA,NA,NA,NA,NA,68,Sistotrema sp.,CAAGGTTTCCGTAGGTGAACCTGCGGAAGGATCATTACTGAATTGAAAGGGAGTTGATGCTGGCTGCCCATCTGATGGGTAGCACGTGCTCGCTTCCGACAATCTTATCCATACACCTGTGCACACTGTGGGGGAGCGCCTTCTGGGAGCGCCCTCATTTATATTACATACACCCAATCTGGAAATCGCACGTGACTTGCGTCGTATGGCGCTTAAAACTATATACAACTTTTAACAACGGATCTCTTGGCTCTCGCATCGATGAAGAACGCAGCGAAATGCGATAAGTAATGTGAATTGCAGAATTCAGTGAATCATCGAATCTTTGAACGCACCTTGCGCTCCTTGGTATTCCGAGGAGCACGCCTGTTCGAGTGTCGTGAAACTCTCAAGCTAGATGCTTTATTGTCATCTGTTTGGTTATTGGACTCTGCTGTCTCCTCCTCTGGAATGGCTGGTCTTAAATGTATTAGCTGGCCCTTGTTGTGGGAATTGGTTCTACTCAGCGTGATAATCTATGACCGCTGAGGACATCTCTTGGGATGGCCAGGCCTGCCTTGGGCTGCTTCTAGTCTTGACTGAATGATATTCATTCTTTCTTTTTCAACTTTGACCTCGAATCAGGCGGGACTACCCGCTGAACTTAAGCAT,651,automatic,high,OLD,1595,TRUE,TRUE,FALSE,94.2,5.8,0,2,100,0,1595_ITS1F_G07,1595_ITS4_G07,cdaws@stanford.edu_SEQ962988A_072116J,native,1,2,year 2,14,103,0,native,117,0.42287139462544737,-0.2420609309681346,0,0,0,0,0
828,1606,1606,2016,4/20/16,EG,transect,transect_8,transect_8E,ambient,non-serpentine,AllSeqData20152016.csv,NA,FALSE,X495,NA,NA,NA,NA,NA,NA,8,E,NA,NA,NA,foliar,NA,NA,All,NA,NA,NA,NA,NA,NA,1,Alternaria cf. infectoria,AAGTAAAAGTCGTAACAAGGTCTCCGTAGGTGAACCTGCGGAGGGATCATTACACAATAACCAGGCGGGCTGGACACCCCCAGCCGGGCACTGCTTCACGGCGTGCGCGGCTGGGCCGGCCCTGCTGAATTATTCACCCGTGTCTTTTGCGTACTTCTTGTTTCCTGGGTGGGCTCGCCCGCCCTCAGGACCAACCACAAACCTTTTGCAATAGCAATCAGCGTCAGTAACAACGTAATTAATTACAACTTTCAACAACGGATCTCTTGGTTCTGGCATCGATGAAGAACGCAGCGAAATGCGATACGTAGTGTGAATTGCAGAATTCAGTGAATCATCGAATCTTTGAACGCACATTGCGCCCTTTGGTATTCCAAAGGGCATGCCTGTTCGAGCGTCATTTGTACCCTCAAGCTTTGCTTGGTGTTGGGCGTCTTTTGTCTCCAGTTCGCTGGAGACTCGCCTTAAAGTCATTGGCAGCCGGCCTACTGGTTTCGGAGCGCAGCACAAGTCGCGCTCTTTGCCAGCCAAGGTCAGCGTCCAGCAAGCCTTTTTTTCAACCTTTGACCTCGGATCAGGTAGGGATACCCGCTGAACTTAAGCAT,605,automatic,high,OLD,1606,TRUE,TRUE,FALSE,92.6,7.1,0.3,2,99.8,0,1606_ITS1F_H07,1606_ITS4_H07,cdaws@stanford.edu_SEQ962988A_072116J,native,1,2,year 2,2,89.88888889,0,native,91.88888889,-1.1354263430494291,-0.3559166550541701,0,0,0,1,0
829,1607,1607,2016,4/20/16,SP,transect,transect_8,transect_8E,ambient,non-serpentine,AllSeqData20152016.csv,2 separate spots,FALSE,X496,NA,NA,NA,NA,NA,NA,8,E,NA,NA,NA,foliar,NA,NA,All,NA,NA,NA,NA,NA,NA,5,Pyrenophora cf. lolii,AAGTAAAAGTCGTAACAAGGTCTCCGTAGGTGAACCTGCGGAGGGATCATTACCCAAATATGAACGCAGACTGGGCACCCTAGAGAGGAGCGATTCGTCGCCCCCCCTCCTGGGCCGGTCTGACGCCATATTCACCCATGTCTTTTGCGTACTACTTGTTTCCTTGGCGGGTTCGCCCGCCATTAGGACCCAACTATAAACCTTTTTGTAATTGCAATCAGCGTCTGAACAAACAATGTAATAAATTACAACTTTCAACAACGGATCTCTTGGTTCTGGCATCGATGAAGAACGCAGCGAAATGCGATAAGTAGTGTGAATTGCAGAATTCAGTGAATCATCGAATCTTTGAACGCACATTGCGCCCTTTGGTATTCCAAAGGGCATGCCTGTTCGAGCGTCATTTGTACCCTCAAGCTTTGCTTGGTGTTGGGCGTTTTTGTCTTGGGGTCCGCCCCGAGACTCGCCTTAAAATCATTGGCAGCCGGCCTACTGGTTTCGGAGCGCAGCACATTTTTTGCGCTTTGGTCTAGTGGTCCCGCGTCCATGAAGCGAATACATTTTTTCAATTTGACCTCGGATCAGGTAGGGATACCCGCTGAACTTAAGCATATCA,616,automatic,high,OLD,1607,TRUE,TRUE,FALSE,95.3,4.5,0.2,2,99.8,0,1607_ITS1F_A08,1607_ITS4_A08,cdaws@stanford.edu_SEQ962988A_072116J,native,1,2,year 2,2,89.88888889,0,native,91.88888889,-1.1354263430494291,-0.3559166550541701,0,1,0,0,0
1533,1584,1584,2016,4/15/16,EG,transect,transect_4,transect_4A,ambient,non-serpentine,AllSeqData20152016.csv,NA,FALSE,X474,NA,NA,NA,NA,NA,NA,4,A,NA,NA,NA,foliar,NA,NA,All,NA,NA,NA,NA,NA,NA,1,Alternaria cf. infectoria,CAGCCGGGCACTGCTTCRCGGCGTGCGCGGMTGGGCCGGCTCTGCTGAATTATTCACCCGTGTCTTTTGCGTACTTCTTGTTTCCTGGGGGGGCTCGCCCGCCATCAGGACCAACCACAAACCTTTTGCAATAGCAATCAGCGTCAGTMACAACGTAATTAATTACAACTTTCAWCAACGGATCTCTTGGTTSTGTCATCGATGAAGAACGCAGCGAAATGCGATACGTARTGYGAATTGCAGAATTCAGTGAATCATCGAATCTTTGAACGCACATTGCGCCCTTTGGTATTCCAAAGGGCATGCCTGTTCGAGCGTCATTTGTACCCTCAAGCTTTGCTTGGTGTTGGGCGTCTTTTGTCTCCAGTTCGCTGGAGACTCGCCTTAAAGKCATTGGCAGCCGGCCTASTGGTTTCGGAGCGCAGCACAAGTCGCGCTCTT,441,automatic,low,OLD,1584a,TRUE,TRUE,FALSE,46.9,47.8,5.2,2,92.1,9,1584a_ITS1F_E08,1584a_ITS4_E08,cdaws@stanford.edu_SEQ960345A_071516I,native,1,2,year 2,12,31,0,native,43,0.16315510501296795,-0.8673025344766382,0,0,0,1,0
1534,1596,1596,2016,4/20/16,SP,transect,transect_8,transect_8A,ambient,non-serpentine,AllSeqData20152016.csv,leopard - multiple spots,FALSE,X484,NA,NA,NA,NA,NA,NA,8,A,NA,NA,NA,foliar,NA,NA,All,NA,NA,NA,NA,NA,NA,3,Ramularia cf. proteae,AAGTAAAAGTCGTAACAAGGTCTCCGTAGGTGAACCTGCGGAGGGATCATTACTGAGTGAGGGAGCAATCCCGACCTCCAACCCTTTGTGAACGCATCACGTTGCTTCGGGGGCGACCCTGCCGCGCGAGCGGCATTCCCCCGGAGGTCATCAAAACACTGCATTCTTACGTCGGAGTAAAAAGTTAATTTAATAAAACTTTCAACAACGGATCTCTTGGTTCTGGCATCGATGAAGAACGCAGCGAAATGCGATAAGTAATGTGAATTGCAGAATTCAGTGAATCATCGAATCTTTGAACGCACATTGCGCCCCCTGGTATTCCGGGGGGCATGCCTGTTCGAGCGTCATTTCACCACTCAAGCCTCGCTTGGTATTGGGCGTCGCGAGTCTCTCGCGCGCCTCAAAGTCTCCGGCTGAGCGGTTCGTCTCCCAGCGTTGTGGCAACTATTCGCAGAGGAGTTCGAGTCGTCGCGGCCGTTAAATCTTTCAAAGGTTGACCTCGGATCAGGTAGGGATACCCGCTGAACTTAAGCATA,539,automatic,high,OLD,1596a,TRUE,TRUE,FALSE,95,4.8,0.2,2,99.8,0,1596a_ITS1F_F04,1596a_ITS4_F04,cdaws@stanford.edu_SEQ962988A_072116J,native,1,2,year 2,14,103,0,native,117,0.42287139462544737,-0.2420609309681346,1,0,0,0,0
