year,month,experiment,plot,subplot,host,grass.group,nonnative,plant,leaf,infected,surface
2015,April,transect,transect_1,transect_1A,AB,"non-native
annual",1,1,1,0,0
2015,April,transect,transect_1,transect_1A,AB,"non-native
annual",1,1,2,0,0
2015,April,transect,transect_1,transect_1A,AB,"non-native
annual",1,1,3,0,0
2015,April,transect,transect_1,transect_1A,AB,"non-native
annual",1,1,4,1,0.001
2015,April,transect,transect_1,transect_1A,AB,"non-native
annual",1,2,1,0,0
2015,April,transect,transect_1,transect_1A,AB,"non-native
annual",1,2,2,0,0
2015,April,transect,transect_1,transect_1A,AB,"non-native
annual",1,3,1,1,0.001
2015,April,transect,transect_1,transect_1A,AB,"non-native
annual",1,3,2,0,0
2015,April,transect,transect_1,transect_1A,BH,"non-native
annual",1,4,1,0,0
2015,April,transect,transect_1,transect_1A,BH,"non-native
annual",1,4,2,0,0
2015,April,transect,transect_1,transect_1A,BH,"non-native
annual",1,4,3,1,0.1
2015,April,transect,transect_1,transect_1A,SP,"native
perennial",0,5,1,1,0.01
2015,April,transect,transect_1,transect_1A,SP,"native
perennial",0,5,2,1,0.001
2015,April,transect,transect_1,transect_1A,SP,"native
perennial",0,5,3,0,0
2015,April,transect,transect_1,transect_1A,SP,"native
perennial",0,5,4,1,0.001
2015,April,transect,transect_1,transect_1A,SP,"native
perennial",0,5,5,1,0.01
2015,April,transect,transect_1,transect_1A,SP,"native
perennial",0,5,6,1,0.01
2015,April,transect,transect_1,transect_1A,SP,"native
perennial",0,6,1,1,0.05
2015,April,transect,transect_1,transect_1A,SP,"native
perennial",0,6,2,1,0.05
2015,April,transect,transect_1,transect_1A,SP,"native
perennial",0,6,3,1,0.001
2015,April,transect,transect_1,transect_1A,SP,"native
perennial",0,6,4,1,0.01
2015,April,transect,transect_1,transect_1A,SP,"native
perennial",0,6,5,1,0.01
2015,April,transect,transect_1,transect_1A,SP,"native
perennial",0,6,6,1,0.01
2015,April,transect,transect_1,transect_1A,SP,"native
perennial",0,7,1,1,0.1
2015,April,transect,transect_1,transect_1A,SP,"native
perennial",0,7,2,0,0
2015,April,transect,transect_1,transect_1A,SP,"native
perennial",0,7,3,0,0
2015,April,transect,transect_1,transect_1A,SP,"native
perennial",0,7,4,1,0.001
2015,April,transect,transect_1,transect_1A,SP,"native
perennial",0,7,5,1,0.01
2015,April,transect,transect_1,transect_1A,SP,"native
perennial",0,7,6,0,0
2015,April,transect,transect_1,transect_1C,AB,"non-native
annual",1,8,1,1,0.001
2015,April,transect,transect_1,transect_1C,AB,"non-native
annual",1,8,2,1,0.001
2015,April,transect,transect_1,transect_1C,AB,"non-native
annual",1,8,3,0,0
2015,April,transect,transect_1,transect_1C,AB,"non-native
annual",1,8,4,1,0.01
2015,April,transect,transect_1,transect_1C,AB,"non-native
annual",1,8,5,0,0
2015,April,transect,transect_1,transect_1C,AB,"non-native
annual",1,8,6,0,0
2015,April,transect,transect_1,transect_1C,AB,"non-native
annual",1,9,1,0,0
2015,April,transect,transect_1,transect_1C,AB,"non-native
annual",1,9,2,0,0
2015,April,transect,transect_1,transect_1C,AB,"non-native
annual",1,9,3,0,0
2015,April,transect,transect_1,transect_1C,AB,"non-native
annual",1,9,4,0,0
2015,April,transect,transect_1,transect_1C,AB,"non-native
annual",1,10,1,0,0
2015,April,transect,transect_1,transect_1C,AB,"non-native
annual",1,10,2,0,0
2015,April,transect,transect_1,transect_1C,AB,"non-native
annual",1,10,3,1,0.25
2015,April,transect,transect_1,transect_1C,AB,"non-native
annual",1,10,4,0,0
2015,April,transect,transect_1,transect_1C,AB,"non-native
annual",1,10,5,0,0
2015,April,transect,transect_1,transect_1C,AB,"non-native
annual",1,10,6,0,0
2015,April,transect,transect_1,transect_1C,BH,"non-native
annual",1,11,1,1,0.01
2015,April,transect,transect_1,transect_1C,SP,"native
perennial",0,12,1,1,0.05
2015,April,transect,transect_1,transect_1C,SP,"native
perennial",0,12,2,1,0.001
2015,April,transect,transect_1,transect_1C,SP,"native
perennial",0,12,3,1,0.001
2015,April,transect,transect_1,transect_1C,SP,"native
perennial",0,12,4,1,0.01
2015,April,transect,transect_1,transect_1C,SP,"native
perennial",0,12,5,1,0.01
2015,April,transect,transect_1,transect_1C,SP,"native
perennial",0,12,6,1,0.001
2015,April,transect,transect_1,transect_1C,SP,"native
perennial",0,13,1,1,0.01
2015,April,transect,transect_1,transect_1C,SP,"native
perennial",0,13,2,1,0.001
2015,April,transect,transect_1,transect_1C,SP,"native
perennial",0,13,3,1,0.001
2015,April,transect,transect_1,transect_1C,SP,"native
perennial",0,13,4,1,0.001
2015,April,transect,transect_1,transect_1C,SP,"native
perennial",0,13,5,1,0.01
2015,April,transect,transect_1,transect_1C,SP,"native
perennial",0,13,6,1,0.01
2015,April,transect,transect_1,transect_1C,SP,"native
perennial",0,14,1,1,0.001
2015,April,transect,transect_1,transect_1C,SP,"native
perennial",0,14,2,0,0
2015,April,transect,transect_1,transect_1C,SP,"native
perennial",0,14,3,0,0
2015,April,transect,transect_1,transect_1C,SP,"native
perennial",0,14,4,1,0.01
2015,April,transect,transect_1,transect_1C,SP,"native
perennial",0,14,5,1,0.05
2015,April,transect,transect_1,transect_1C,SP,"native
perennial",0,14,6,1,0.001
2015,April,transect,transect_1,transect_1E,AB,"non-native
annual",1,15,1,1,0.001
2015,April,transect,transect_1,transect_1E,AB,"non-native
annual",1,15,2,0,0
2015,April,transect,transect_1,transect_1E,AB,"non-native
annual",1,15,3,0,0
2015,April,transect,transect_1,transect_1E,AB,"non-native
annual",1,15,4,1,0.01
2015,April,transect,transect_1,transect_1E,AB,"non-native
annual",1,15,5,1,0.05
2015,April,transect,transect_1,transect_1E,AB,"non-native
annual",1,15,6,0,0
2015,April,transect,transect_1,transect_1E,SP,"native
perennial",0,16,1,1,0.01
2015,April,transect,transect_1,transect_1E,SP,"native
perennial",0,16,2,1,0.001
2015,April,transect,transect_1,transect_1E,SP,"native
perennial",0,16,3,1,0.001
2015,April,transect,transect_1,transect_1E,SP,"native
perennial",0,16,4,1,0.001
2015,April,transect,transect_1,transect_1E,SP,"native
perennial",0,16,5,1,0.01
2015,April,transect,transect_1,transect_1E,SP,"native
perennial",0,16,6,1,0.001
2015,April,transect,transect_1,transect_1E,SP,"native
perennial",0,17,1,1,0.001
2015,April,transect,transect_1,transect_1E,SP,"native
perennial",0,17,2,1,0.001
2015,April,transect,transect_1,transect_1E,SP,"native
perennial",0,17,3,0,0
2015,April,transect,transect_1,transect_1E,SP,"native
perennial",0,17,4,1,0.001
2015,April,transect,transect_1,transect_1E,SP,"native
perennial",0,17,5,1,0.001
2015,April,transect,transect_1,transect_1E,SP,"native
perennial",0,17,6,1,0.01
2015,April,transect,transect_10,transect_10A,PA,"non-native
annual",1,153,1,1,0.001
2015,April,transect,transect_10,transect_10A,PA,"non-native
annual",1,153,2,0,0
2015,April,transect,transect_10,transect_10A,PA,"non-native
annual",1,153,3,0,0
2015,April,transect,transect_10,transect_10A,PA,"non-native
annual",1,153,4,1,0.01
2015,April,transect,transect_10,transect_10A,PA,"non-native
annual",1,153,5,0,0
2015,April,transect,transect_10,transect_10A,PA,"non-native
annual",1,153,6,0,0
2015,April,transect,transect_10,transect_10A,PA,"non-native
annual",1,154,1,0,0
2015,April,transect,transect_10,transect_10A,PA,"non-native
annual",1,154,2,0,0
2015,April,transect,transect_10,transect_10A,PA,"non-native
annual",1,154,3,0,0
2015,April,transect,transect_10,transect_10A,PA,"non-native
annual",1,154,4,0,0
2015,April,transect,transect_10,transect_10A,PA,"non-native
annual",1,154,5,0,0
2015,April,transect,transect_10,transect_10A,PA,"non-native
annual",1,154,6,1,0.01
2015,April,transect,transect_10,transect_10A,PA,"non-native
annual",1,155,1,0,0
2015,April,transect,transect_10,transect_10A,PA,"non-native
annual",1,155,2,0,0
2015,April,transect,transect_10,transect_10A,PA,"non-native
annual",1,155,3,0,0
2015,April,transect,transect_10,transect_10A,PA,"non-native
annual",1,155,4,0,0
2015,April,transect,transect_10,transect_10A,PA,"non-native
annual",1,155,5,1,0.001
2015,April,transect,transect_10,transect_10A,PA,"non-native
annual",1,155,6,0,0
2015,April,transect,transect_10,transect_10C,BD,"non-native
annual",1,156,1,0,0
2015,April,transect,transect_10,transect_10C,BD,"non-native
annual",1,156,2,0,0
2015,April,transect,transect_10,transect_10C,BD,"non-native
annual",1,156,3,0,0
2015,April,transect,transect_10,transect_10C,BD,"non-native
annual",1,156,4,1,0.05
2015,April,transect,transect_10,transect_10C,BD,"non-native
annual",1,156,5,1,0.001
2015,April,transect,transect_10,transect_10C,BD,"non-native
annual",1,156,6,0,0
2015,April,transect,transect_10,transect_10C,PA,"non-native
annual",1,157,1,1,0.05
2015,April,transect,transect_10,transect_10C,PA,"non-native
annual",1,157,2,1,0.01
2015,April,transect,transect_10,transect_10C,PA,"non-native
annual",1,157,3,1,0.001
2015,April,transect,transect_10,transect_10C,PA,"non-native
annual",1,157,4,0,0
2015,April,transect,transect_10,transect_10C,PA,"non-native
annual",1,157,5,0,0
2015,April,transect,transect_10,transect_10C,PA,"non-native
annual",1,157,6,0,0
2015,April,transect,transect_10,transect_10C,PA,"non-native
annual",1,158,1,0,0
2015,April,transect,transect_10,transect_10C,PA,"non-native
annual",1,158,2,1,0.01
2015,April,transect,transect_10,transect_10C,PA,"non-native
annual",1,158,3,0,0
2015,April,transect,transect_10,transect_10C,PA,"non-native
annual",1,158,4,0,0
2015,April,transect,transect_10,transect_10C,PA,"non-native
annual",1,158,5,0,0
2015,April,transect,transect_10,transect_10C,PA,"non-native
annual",1,158,6,1,0.01
2015,April,transect,transect_10,transect_10E,BD,"non-native
annual",1,159,1,0,0
2015,April,transect,transect_10,transect_10E,BD,"non-native
annual",1,159,2,0,0
2015,April,transect,transect_10,transect_10E,BD,"non-native
annual",1,160,1,0,0
2015,April,transect,transect_10,transect_10E,BD,"non-native
annual",1,160,2,0,0
2015,April,transect,transect_10,transect_10E,BD,"non-native
annual",1,160,3,1,0.001
2015,April,transect,transect_10,transect_10E,BD,"non-native
annual",1,161,1,0,0
2015,April,transect,transect_10,transect_10E,BD,"non-native
annual",1,161,2,1,0.05
2015,April,transect,transect_10,transect_10E,PA,"non-native
annual",1,162,1,0,0
2015,April,transect,transect_10,transect_10E,PA,"non-native
annual",1,162,2,0,0
2015,April,transect,transect_10,transect_10E,PA,"non-native
annual",1,162,3,0,0
2015,April,transect,transect_10,transect_10E,PA,"non-native
annual",1,162,4,0,0
2015,April,transect,transect_10,transect_10E,PA,"non-native
annual",1,162,5,0,0
2015,April,transect,transect_10,transect_10E,PA,"non-native
annual",1,162,6,1,0.001
2015,April,transect,transect_10,transect_10E,PA,"non-native
annual",1,163,1,1,0.1
2015,April,transect,transect_10,transect_10E,PA,"non-native
annual",1,163,2,0,0
2015,April,transect,transect_10,transect_10E,PA,"non-native
annual",1,163,3,0,0
2015,April,transect,transect_10,transect_10E,PA,"non-native
annual",1,163,4,0,0
2015,April,transect,transect_10,transect_10E,PA,"non-native
annual",1,163,5,1,0.001
2015,April,transect,transect_10,transect_10E,PA,"non-native
annual",1,163,6,0,0
2015,April,transect,transect_2,transect_2A,PA,"non-native
annual",1,18,1,1,0.001
2015,April,transect,transect_2,transect_2A,PA,"non-native
annual",1,18,2,0,0
2015,April,transect,transect_2,transect_2A,PA,"non-native
annual",1,18,3,0,0
2015,April,transect,transect_2,transect_2A,PA,"non-native
annual",1,18,4,0,0
2015,April,transect,transect_2,transect_2A,PA,"non-native
annual",1,18,5,1,0.001
2015,April,transect,transect_2,transect_2A,PA,"non-native
annual",1,18,6,1,0.001
2015,April,transect,transect_2,transect_2A,PA,"non-native
annual",1,19,1,0,0
2015,April,transect,transect_2,transect_2A,PA,"non-native
annual",1,19,2,0,0
2015,April,transect,transect_2,transect_2A,PA,"non-native
annual",1,19,3,0,0
2015,April,transect,transect_2,transect_2A,PA,"non-native
annual",1,19,4,0,0
2015,April,transect,transect_2,transect_2A,PA,"non-native
annual",1,19,5,1,0.05
2015,April,transect,transect_2,transect_2A,PA,"non-native
annual",1,19,6,0,0
2015,April,transect,transect_2,transect_2A,PA,"non-native
annual",1,20,1,1,0.001
2015,April,transect,transect_2,transect_2A,PA,"non-native
annual",1,20,2,0,0
2015,April,transect,transect_2,transect_2A,PA,"non-native
annual",1,20,3,0,0
2015,April,transect,transect_2,transect_2A,PA,"non-native
annual",1,20,4,0,0
2015,April,transect,transect_2,transect_2A,PA,"non-native
annual",1,20,5,0,0
2015,April,transect,transect_2,transect_2A,PA,"non-native
annual",1,20,6,1,0.001
2015,April,transect,transect_2,transect_2C,AB,"non-native
annual",1,21,1,0,0
2015,April,transect,transect_2,transect_2C,AB,"non-native
annual",1,21,2,0,0
2015,April,transect,transect_2,transect_2C,AB,"non-native
annual",1,21,3,1,0.001
2015,April,transect,transect_2,transect_2C,AB,"non-native
annual",1,21,4,1,0.5
2015,April,transect,transect_2,transect_2C,AB,"non-native
annual",1,22,1,0,0
2015,April,transect,transect_2,transect_2C,AB,"non-native
annual",1,22,2,0,0
2015,April,transect,transect_2,transect_2C,AB,"non-native
annual",1,22,3,0,0
2015,April,transect,transect_2,transect_2C,AB,"non-native
annual",1,22,4,0,0
2015,April,transect,transect_2,transect_2C,AB,"non-native
annual",1,22,5,0,0
2015,April,transect,transect_2,transect_2C,AB,"non-native
annual",1,23,1,0,0
2015,April,transect,transect_2,transect_2C,AB,"non-native
annual",1,23,2,1,0.001
2015,April,transect,transect_2,transect_2C,AB,"non-native
annual",1,23,3,1,0.05
2015,April,transect,transect_2,transect_2C,PA,"non-native
annual",1,24,1,0,0
2015,April,transect,transect_2,transect_2C,PA,"non-native
annual",1,24,2,0,0
2015,April,transect,transect_2,transect_2C,PA,"non-native
annual",1,24,3,0,0
2015,April,transect,transect_2,transect_2C,PA,"non-native
annual",1,24,4,0,0
2015,April,transect,transect_2,transect_2C,PA,"non-native
annual",1,24,5,1,0.1
2015,April,transect,transect_2,transect_2C,PA,"non-native
annual",1,24,6,1,0.05
2015,April,transect,transect_2,transect_2C,PA,"non-native
annual",1,25,1,0,0
2015,April,transect,transect_2,transect_2C,PA,"non-native
annual",1,25,2,1,0.001
2015,April,transect,transect_2,transect_2C,PA,"non-native
annual",1,25,3,0,0
2015,April,transect,transect_2,transect_2C,PA,"non-native
annual",1,25,4,0,0
2015,April,transect,transect_2,transect_2C,PA,"non-native
annual",1,25,5,0,0
2015,April,transect,transect_2,transect_2C,PA,"non-native
annual",1,25,6,0,0
2015,April,transect,transect_2,transect_2C,PA,"non-native
annual",1,26,1,0,0
2015,April,transect,transect_2,transect_2C,PA,"non-native
annual",1,26,2,0,0
2015,April,transect,transect_2,transect_2C,PA,"non-native
annual",1,26,3,0,0
2015,April,transect,transect_2,transect_2C,PA,"non-native
annual",1,26,4,0,0
2015,April,transect,transect_2,transect_2C,PA,"non-native
annual",1,26,5,1,0.001
2015,April,transect,transect_2,transect_2C,PA,"non-native
annual",1,26,6,0,0
2015,April,transect,transect_2,transect_2C,SP,"native
perennial",0,27,1,1,0.25
2015,April,transect,transect_2,transect_2C,SP,"native
perennial",0,27,2,1,0.001
2015,April,transect,transect_2,transect_2C,SP,"native
perennial",0,27,3,1,0.01
2015,April,transect,transect_2,transect_2C,SP,"native
perennial",0,27,4,1,0.01
2015,April,transect,transect_2,transect_2C,SP,"native
perennial",0,27,5,1,0.001
2015,April,transect,transect_2,transect_2C,SP,"native
perennial",0,27,6,1,0.01
2015,April,transect,transect_2,transect_2C,SP,"native
perennial",0,28,1,0,0
2015,April,transect,transect_2,transect_2C,SP,"native
perennial",0,28,2,0,0
2015,April,transect,transect_2,transect_2C,SP,"native
perennial",0,28,3,1,0.001
2015,April,transect,transect_2,transect_2C,SP,"native
perennial",0,28,4,0,0
2015,April,transect,transect_2,transect_2C,SP,"native
perennial",0,28,5,1,0.001
2015,April,transect,transect_2,transect_2C,SP,"native
perennial",0,28,6,0,0
2015,April,transect,transect_2,transect_2C,SP,"native
perennial",0,29,1,1,0.001
2015,April,transect,transect_2,transect_2C,SP,"native
perennial",0,29,2,1,0.001
2015,April,transect,transect_2,transect_2C,SP,"native
perennial",0,29,3,0,0
2015,April,transect,transect_2,transect_2C,SP,"native
perennial",0,29,4,0,0
2015,April,transect,transect_2,transect_2C,SP,"native
perennial",0,29,5,1,0.001
2015,April,transect,transect_2,transect_2C,SP,"native
perennial",0,29,6,0,0
2015,April,transect,transect_2,transect_2E,AB,"non-native
annual",1,30,1,0,0
2015,April,transect,transect_2,transect_2E,AB,"non-native
annual",1,30,2,0,0
2015,April,transect,transect_2,transect_2E,AB,"non-native
annual",1,30,3,0,0
2015,April,transect,transect_2,transect_2E,AB,"non-native
annual",1,31,1,1,0.01
2015,April,transect,transect_2,transect_2E,AB,"non-native
annual",1,31,2,0,0
2015,April,transect,transect_2,transect_2E,AB,"non-native
annual",1,31,3,0,0
2015,April,transect,transect_2,transect_2E,AB,"non-native
annual",1,31,4,1,0.01
2015,April,transect,transect_2,transect_2E,AB,"non-native
annual",1,32,1,0,0
2015,April,transect,transect_2,transect_2E,AB,"non-native
annual",1,32,2,0,0
2015,April,transect,transect_2,transect_2E,AB,"non-native
annual",1,32,3,0,0
2015,April,transect,transect_2,transect_2E,AB,"non-native
annual",1,32,4,1,0.01
2015,April,transect,transect_2,transect_2E,AB,"non-native
annual",1,32,5,1,0.001
2015,April,transect,transect_2,transect_2E,SP,"native
perennial",0,33,1,1,0.001
2015,April,transect,transect_2,transect_2E,SP,"native
perennial",0,33,2,1,0.001
2015,April,transect,transect_2,transect_2E,SP,"native
perennial",0,33,3,1,0.001
2015,April,transect,transect_2,transect_2E,SP,"native
perennial",0,33,4,1,0.05
2015,April,transect,transect_2,transect_2E,SP,"native
perennial",0,33,5,1,0.01
2015,April,transect,transect_2,transect_2E,SP,"native
perennial",0,33,6,1,0.05
2015,April,transect,transect_2,transect_2E,SP,"native
perennial",0,34,1,1,0.01
2015,April,transect,transect_2,transect_2E,SP,"native
perennial",0,34,2,1,0.05
2015,April,transect,transect_2,transect_2E,SP,"native
perennial",0,34,3,1,0.01
2015,April,transect,transect_2,transect_2E,SP,"native
perennial",0,34,4,1,0.001
2015,April,transect,transect_2,transect_2E,SP,"native
perennial",0,34,5,1,0.01
2015,April,transect,transect_2,transect_2E,SP,"native
perennial",0,34,6,1,0.01
2015,April,transect,transect_2,transect_2E,SP,"native
perennial",0,35,1,1,0.01
2015,April,transect,transect_2,transect_2E,SP,"native
perennial",0,35,2,1,0.05
2015,April,transect,transect_2,transect_2E,SP,"native
perennial",0,35,3,1,0.05
2015,April,transect,transect_2,transect_2E,SP,"native
perennial",0,35,4,1,0.001
2015,April,transect,transect_2,transect_2E,SP,"native
perennial",0,35,5,1,0.01
2015,April,transect,transect_2,transect_2E,SP,"native
perennial",0,35,6,1,0.001
2015,April,transect,transect_3,transect_3A,AB,"non-native
annual",1,36,1,0,0
2015,April,transect,transect_3,transect_3A,AB,"non-native
annual",1,36,2,0,0
2015,April,transect,transect_3,transect_3A,AB,"non-native
annual",1,36,3,0,0
2015,April,transect,transect_3,transect_3A,AB,"non-native
annual",1,36,4,0,0
2015,April,transect,transect_3,transect_3A,AB,"non-native
annual",1,36,5,0,0
2015,April,transect,transect_3,transect_3A,AB,"non-native
annual",1,36,6,0,0
2015,April,transect,transect_3,transect_3A,AB,"non-native
annual",1,37,1,1,0.05
2015,April,transect,transect_3,transect_3A,AB,"non-native
annual",1,37,2,1,0.001
2015,April,transect,transect_3,transect_3A,AB,"non-native
annual",1,37,3,0,0
2015,April,transect,transect_3,transect_3A,AB,"non-native
annual",1,38,1,1,0.01
2015,April,transect,transect_3,transect_3A,AB,"non-native
annual",1,38,2,1,0.25
2015,April,transect,transect_3,transect_3A,AB,"non-native
annual",1,39,1,1,0.05
2015,April,transect,transect_3,transect_3A,AB,"non-native
annual",1,39,2,0,0
2015,April,transect,transect_3,transect_3A,SP,"native
perennial",0,40,1,1,0.01
2015,April,transect,transect_3,transect_3A,SP,"native
perennial",0,40,2,1,0.001
2015,April,transect,transect_3,transect_3A,SP,"native
perennial",0,40,3,1,0.01
2015,April,transect,transect_3,transect_3A,SP,"native
perennial",0,40,4,1,0.05
2015,April,transect,transect_3,transect_3A,SP,"native
perennial",0,40,5,1,0.01
2015,April,transect,transect_3,transect_3A,SP,"native
perennial",0,40,6,1,0.001
2015,April,transect,transect_3,transect_3A,SP,"native
perennial",0,41,1,1,0.01
2015,April,transect,transect_3,transect_3A,SP,"native
perennial",0,41,2,1,0.001
2015,April,transect,transect_3,transect_3A,SP,"native
perennial",0,41,3,1,0.01
2015,April,transect,transect_3,transect_3A,SP,"native
perennial",0,41,4,1,0.001
2015,April,transect,transect_3,transect_3A,SP,"native
perennial",0,41,5,1,0.01
2015,April,transect,transect_3,transect_3A,SP,"native
perennial",0,41,6,1,0.01
2015,April,transect,transect_3,transect_3A,SP,"native
perennial",0,42,1,1,0.05
2015,April,transect,transect_3,transect_3A,SP,"native
perennial",0,42,2,1,0.05
2015,April,transect,transect_3,transect_3A,SP,"native
perennial",0,42,3,1,0.1
2015,April,transect,transect_3,transect_3A,SP,"native
perennial",0,42,4,1,0.01
2015,April,transect,transect_3,transect_3A,SP,"native
perennial",0,42,5,1,0.1
2015,April,transect,transect_3,transect_3A,SP,"native
perennial",0,42,6,1,0.01
2015,April,transect,transect_3,transect_3C,AB,"non-native
annual",1,43,1,1,0.001
2015,April,transect,transect_3,transect_3C,AB,"non-native
annual",1,43,2,1,0.1
2015,April,transect,transect_3,transect_3C,SP,"native
perennial",0,44,1,1,0.05
2015,April,transect,transect_3,transect_3C,SP,"native
perennial",0,44,2,1,0.001
2015,April,transect,transect_3,transect_3C,SP,"native
perennial",0,44,3,1,0.25
2015,April,transect,transect_3,transect_3C,SP,"native
perennial",0,44,4,1,0.01
2015,April,transect,transect_3,transect_3C,SP,"native
perennial",0,44,5,1,0.05
2015,April,transect,transect_3,transect_3C,SP,"native
perennial",0,44,6,1,0.01
2015,April,transect,transect_3,transect_3C,SP,"native
perennial",0,45,1,1,0.001
2015,April,transect,transect_3,transect_3C,SP,"native
perennial",0,45,2,1,0.001
2015,April,transect,transect_3,transect_3C,SP,"native
perennial",0,45,3,1,0.01
2015,April,transect,transect_3,transect_3C,SP,"native
perennial",0,45,4,1,0.05
2015,April,transect,transect_3,transect_3C,SP,"native
perennial",0,45,5,1,0.01
2015,April,transect,transect_3,transect_3C,SP,"native
perennial",0,45,6,1,0.05
2015,April,transect,transect_3,transect_3C,SP,"native
perennial",0,46,1,1,0.01
2015,April,transect,transect_3,transect_3C,SP,"native
perennial",0,46,2,1,0.01
2015,April,transect,transect_3,transect_3C,SP,"native
perennial",0,46,3,1,0.05
2015,April,transect,transect_3,transect_3C,SP,"native
perennial",0,46,4,1,0.01
2015,April,transect,transect_3,transect_3C,SP,"native
perennial",0,46,5,1,0.01
2015,April,transect,transect_3,transect_3C,SP,"native
perennial",0,46,6,1,0.01
2015,April,transect,transect_3,transect_3E,AB,"non-native
annual",1,47,1,1,0.25
2015,April,transect,transect_3,transect_3E,AB,"non-native
annual",1,47,2,0,0
2015,April,transect,transect_3,transect_3E,AB,"non-native
annual",1,48,1,1,0.01
2015,April,transect,transect_3,transect_3E,AB,"non-native
annual",1,48,2,0,0
2015,April,transect,transect_3,transect_3E,BD,"non-native
annual",1,49,1,1,0.001
2015,April,transect,transect_3,transect_3E,BD,"non-native
annual",1,50,1,1,0.001
2015,April,transect,transect_3,transect_3E,SP,"native
perennial",0,51,1,1,0.01
2015,April,transect,transect_3,transect_3E,SP,"native
perennial",0,51,2,1,0.001
2015,April,transect,transect_3,transect_3E,SP,"native
perennial",0,51,3,1,0.01
2015,April,transect,transect_3,transect_3E,SP,"native
perennial",0,51,4,1,0.001
2015,April,transect,transect_3,transect_3E,SP,"native
perennial",0,51,5,1,0.25
2015,April,transect,transect_3,transect_3E,SP,"native
perennial",0,51,6,1,0.001
2015,April,transect,transect_4,transect_4A,AB,"non-native
annual",1,52,1,1,0.01
2015,April,transect,transect_4,transect_4A,AB,"non-native
annual",1,52,2,1,0.5
2015,April,transect,transect_4,transect_4A,AB,"non-native
annual",1,52,3,1,0.5
2015,April,transect,transect_4,transect_4A,AB,"non-native
annual",1,53,1,0,0
2015,April,transect,transect_4,transect_4A,AB,"non-native
annual",1,53,2,1,0.001
2015,April,transect,transect_4,transect_4A,AB,"non-native
annual",1,53,3,1,0.05
2015,April,transect,transect_4,transect_4A,SP,"native
perennial",0,54,1,1,0.05
2015,April,transect,transect_4,transect_4A,SP,"native
perennial",0,54,2,1,0.001
2015,April,transect,transect_4,transect_4A,SP,"native
perennial",0,54,3,1,0.01
2015,April,transect,transect_4,transect_4A,SP,"native
perennial",0,54,4,1,0.01
2015,April,transect,transect_4,transect_4A,SP,"native
perennial",0,54,5,1,0.05
2015,April,transect,transect_4,transect_4A,SP,"native
perennial",0,54,6,1,0.001
2015,April,transect,transect_4,transect_4A,SP,"native
perennial",0,55,1,1,0.05
2015,April,transect,transect_4,transect_4A,SP,"native
perennial",0,55,2,1,0.001
2015,April,transect,transect_4,transect_4A,SP,"native
perennial",0,55,3,1,0.05
2015,April,transect,transect_4,transect_4A,SP,"native
perennial",0,55,4,1,0.001
2015,April,transect,transect_4,transect_4A,SP,"native
perennial",0,55,5,1,0.001
2015,April,transect,transect_4,transect_4A,SP,"native
perennial",0,55,6,1,0.05
2015,April,transect,transect_4,transect_4A,SP,"native
perennial",0,56,1,1,0.001
2015,April,transect,transect_4,transect_4A,SP,"native
perennial",0,56,2,1,0.001
2015,April,transect,transect_4,transect_4A,SP,"native
perennial",0,56,3,1,0.1
2015,April,transect,transect_4,transect_4A,SP,"native
perennial",0,56,4,1,0.01
2015,April,transect,transect_4,transect_4A,SP,"native
perennial",0,56,5,1,0.01
2015,April,transect,transect_4,transect_4A,SP,"native
perennial",0,56,6,1,0.01
2015,April,transect,transect_4,transect_4C,AB,"non-native
annual",1,57,1,1,0.5
2015,April,transect,transect_4,transect_4C,AB,"non-native
annual",1,58,1,1,0.001
2015,April,transect,transect_4,transect_4C,AB,"non-native
annual",1,58,2,0,0
2015,April,transect,transect_4,transect_4C,AB,"non-native
annual",1,58,3,0,0
2015,April,transect,transect_4,transect_4C,AB,"non-native
annual",1,58,4,1,0.25
2015,April,transect,transect_4,transect_4C,AB,"non-native
annual",1,59,1,1,0.1
2015,April,transect,transect_4,transect_4C,AB,"non-native
annual",1,59,2,1,0.001
2015,April,transect,transect_4,transect_4C,AB,"non-native
annual",1,59,3,1,0.05
2015,April,transect,transect_4,transect_4C,BD,"non-native
annual",1,60,1,1,0.001
2015,April,transect,transect_4,transect_4C,BD,"non-native
annual",1,61,1,1,0.01
2015,April,transect,transect_4,transect_4C,BD,"non-native
annual",1,61,2,0,0
2015,April,transect,transect_4,transect_4C,BD,"non-native
annual",1,62,1,0,0
2015,April,transect,transect_4,transect_4C,SP,"native
perennial",0,63,1,1,0.01
2015,April,transect,transect_4,transect_4C,SP,"native
perennial",0,63,2,1,0.001
2015,April,transect,transect_4,transect_4C,SP,"native
perennial",0,63,3,1,0.001
2015,April,transect,transect_4,transect_4C,SP,"native
perennial",0,63,4,1,0.001
2015,April,transect,transect_4,transect_4C,SP,"native
perennial",0,63,5,1,0.05
2015,April,transect,transect_4,transect_4C,SP,"native
perennial",0,63,6,1,0.001
2015,April,transect,transect_4,transect_4C,SP,"native
perennial",0,64,1,1,0.05
2015,April,transect,transect_4,transect_4C,SP,"native
perennial",0,64,2,1,0.01
2015,April,transect,transect_4,transect_4C,SP,"native
perennial",0,64,3,1,0.01
2015,April,transect,transect_4,transect_4C,SP,"native
perennial",0,64,4,1,0.001
2015,April,transect,transect_4,transect_4C,SP,"native
perennial",0,64,5,1,0.001
2015,April,transect,transect_4,transect_4C,SP,"native
perennial",0,64,6,1,0.001
2015,April,transect,transect_4,transect_4C,SP,"native
perennial",0,65,1,1,0.05
2015,April,transect,transect_4,transect_4C,SP,"native
perennial",0,65,2,1,0.01
2015,April,transect,transect_4,transect_4C,SP,"native
perennial",0,65,3,1,0.001
2015,April,transect,transect_4,transect_4C,SP,"native
perennial",0,65,4,1,0.001
2015,April,transect,transect_4,transect_4C,SP,"native
perennial",0,65,5,1,0.05
2015,April,transect,transect_4,transect_4C,SP,"native
perennial",0,65,6,1,0.02
2015,April,transect,transect_4,transect_4E,AB,"non-native
annual",1,66,1,0,0
2015,April,transect,transect_4,transect_4E,AB,"non-native
annual",1,67,1,1,0.1
2015,April,transect,transect_4,transect_4E,AB,"non-native
annual",1,67,2,1,0.001
2015,April,transect,transect_4,transect_4E,AB,"non-native
annual",1,68,1,0,0
2015,April,transect,transect_4,transect_4E,AB,"non-native
annual",1,68,2,0,0
2015,April,transect,transect_4,transect_4E,AB,"non-native
annual",1,68,3,1,0.01
2015,April,transect,transect_4,transect_4E,AB,"non-native
annual",1,68,4,1,0.75
2015,April,transect,transect_4,transect_4E,BD,"non-native
annual",1,69,1,1,0.001
2015,April,transect,transect_4,transect_4E,BD,"non-native
annual",1,69,2,1,0.5
2015,April,transect,transect_4,transect_4E,BD,"non-native
annual",1,70,1,1,0.1
2015,April,transect,transect_4,transect_4E,SP,"native
perennial",0,71,1,1,0.1
2015,April,transect,transect_4,transect_4E,SP,"native
perennial",0,71,2,1,0.01
2015,April,transect,transect_4,transect_4E,SP,"native
perennial",0,71,3,1,0.05
2015,April,transect,transect_4,transect_4E,SP,"native
perennial",0,71,4,1,0.001
2015,April,transect,transect_4,transect_4E,SP,"native
perennial",0,71,5,1,0.01
2015,April,transect,transect_4,transect_4E,SP,"native
perennial",0,71,6,1,0.01
2015,April,transect,transect_5,transect_5A,BD,"non-native
annual",1,72,1,0,0
2015,April,transect,transect_5,transect_5A,BD,"non-native
annual",1,72,2,0,0
2015,April,transect,transect_5,transect_5A,BD,"non-native
annual",1,72,3,0,0
2015,April,transect,transect_5,transect_5A,BD,"non-native
annual",1,73,1,1,0.001
2015,April,transect,transect_5,transect_5A,BH,"non-native
annual",1,74,1,0,0
2015,April,transect,transect_5,transect_5A,BH,"non-native
annual",1,74,2,1,0.5
2015,April,transect,transect_5,transect_5A,EG,"native
perennial",0,75,1,1,0.001
2015,April,transect,transect_5,transect_5A,EG,"native
perennial",0,75,2,1,0.001
2015,April,transect,transect_5,transect_5A,EG,"native
perennial",0,75,3,1,0.001
2015,April,transect,transect_5,transect_5A,EG,"native
perennial",0,75,4,1,0.001
2015,April,transect,transect_5,transect_5A,EG,"native
perennial",0,75,5,0,0
2015,April,transect,transect_5,transect_5A,EG,"native
perennial",0,75,6,1,0.05
2015,April,transect,transect_5,transect_5A,EG,"native
perennial",0,76,1,0,0
2015,April,transect,transect_5,transect_5A,EG,"native
perennial",0,76,2,1,0.001
2015,April,transect,transect_5,transect_5A,EG,"native
perennial",0,76,3,1,0.001
2015,April,transect,transect_5,transect_5A,EG,"native
perennial",0,76,4,1,0.001
2015,April,transect,transect_5,transect_5A,EG,"native
perennial",0,76,5,1,0.01
2015,April,transect,transect_5,transect_5A,EG,"native
perennial",0,76,6,1,0.001
2015,April,transect,transect_5,transect_5A,EG,"native
perennial",0,77,1,1,0.001
2015,April,transect,transect_5,transect_5A,EG,"native
perennial",0,77,2,0,0
2015,April,transect,transect_5,transect_5A,EG,"native
perennial",0,77,3,1,0.01
2015,April,transect,transect_5,transect_5A,EG,"native
perennial",0,77,4,1,0.001
2015,April,transect,transect_5,transect_5A,EG,"native
perennial",0,77,5,1,0.01
2015,April,transect,transect_5,transect_5A,EG,"native
perennial",0,77,6,0,0
2015,April,transect,transect_5,transect_5C,AB,"non-native
annual",1,78,1,0,0
2015,April,transect,transect_5,transect_5C,AB,"non-native
annual",1,78,2,1,0.05
2015,April,transect,transect_5,transect_5C,AB,"non-native
annual",1,78,3,0,0
2015,April,transect,transect_5,transect_5C,AB,"non-native
annual",1,78,4,0,0
2015,April,transect,transect_5,transect_5C,AB,"non-native
annual",1,78,5,0,0
2015,April,transect,transect_5,transect_5C,AB,"non-native
annual",1,78,6,0,0
2015,April,transect,transect_5,transect_5C,BH,"non-native
annual",1,79,1,0,0
2015,April,transect,transect_5,transect_5C,BH,"non-native
annual",1,79,2,0,0
2015,April,transect,transect_5,transect_5C,BH,"non-native
annual",1,80,1,1,0.05
2015,April,transect,transect_5,transect_5C,EG,"native
perennial",0,81,1,1,0.001
2015,April,transect,transect_5,transect_5C,EG,"native
perennial",0,81,2,1,0.001
2015,April,transect,transect_5,transect_5C,EG,"native
perennial",0,81,3,1,0.001
2015,April,transect,transect_5,transect_5C,EG,"native
perennial",0,81,4,1,0.001
2015,April,transect,transect_5,transect_5C,EG,"native
perennial",0,81,5,1,0.001
2015,April,transect,transect_5,transect_5C,EG,"native
perennial",0,81,6,1,0.001
2015,April,transect,transect_5,transect_5C,EG,"native
perennial",0,82,1,1,0.001
2015,April,transect,transect_5,transect_5C,EG,"native
perennial",0,82,2,1,0.001
2015,April,transect,transect_5,transect_5C,EG,"native
perennial",0,82,3,1,0.001
2015,April,transect,transect_5,transect_5C,EG,"native
perennial",0,82,4,1,0.001
2015,April,transect,transect_5,transect_5C,EG,"native
perennial",0,82,5,1,0.001
2015,April,transect,transect_5,transect_5C,EG,"native
perennial",0,82,6,1,0.05
2015,April,transect,transect_5,transect_5C,SP,"native
perennial",0,83,1,1,0.01
2015,April,transect,transect_5,transect_5C,SP,"native
perennial",0,83,2,1,0.001
2015,April,transect,transect_5,transect_5C,SP,"native
perennial",0,83,3,1,0.01
2015,April,transect,transect_5,transect_5C,SP,"native
perennial",0,83,4,1,0.001
2015,April,transect,transect_5,transect_5C,SP,"native
perennial",0,83,5,1,0.01
2015,April,transect,transect_5,transect_5C,SP,"native
perennial",0,83,6,1,0.001
2015,April,transect,transect_5,transect_5E,BD,"non-native
annual",1,84,1,0,0
2015,April,transect,transect_5,transect_5E,BH,"non-native
annual",1,85,1,1,0.01
2015,April,transect,transect_5,transect_5E,BH,"non-native
annual",1,85,2,0,0
2015,April,transect,transect_5,transect_5E,EG,"native
perennial",0,86,1,1,0.1
2015,April,transect,transect_5,transect_5E,EG,"native
perennial",0,86,2,1,0.001
2015,April,transect,transect_5,transect_5E,EG,"native
perennial",0,86,3,1,0.001
2015,April,transect,transect_5,transect_5E,EG,"native
perennial",0,86,4,1,0.001
2015,April,transect,transect_5,transect_5E,EG,"native
perennial",0,86,5,1,0.001
2015,April,transect,transect_5,transect_5E,EG,"native
perennial",0,86,6,1,0.001
2015,April,transect,transect_5,transect_5E,EG,"native
perennial",0,87,1,1,0.2
2015,April,transect,transect_5,transect_5E,EG,"native
perennial",0,87,2,1,0.001
2015,April,transect,transect_5,transect_5E,EG,"native
perennial",0,87,3,1,0.001
2015,April,transect,transect_5,transect_5E,EG,"native
perennial",0,87,4,1,0.001
2015,April,transect,transect_5,transect_5E,EG,"native
perennial",0,87,5,1,0.001
2015,April,transect,transect_5,transect_5E,EG,"native
perennial",0,87,6,0,0
2015,April,transect,transect_6,transect_6A,AB,"non-native
annual",1,88,1,1,0.5
2015,April,transect,transect_6,transect_6A,AB,"non-native
annual",1,89,1,1,0.001
2015,April,transect,transect_6,transect_6A,AB,"non-native
annual",1,89,2,0,0
2015,April,transect,transect_6,transect_6A,AB,"non-native
annual",1,89,3,0,0
2015,April,transect,transect_6,transect_6A,AB,"non-native
annual",1,89,4,0,0
2015,April,transect,transect_6,transect_6A,BD,"non-native
annual",1,90,1,1,0.01
2015,April,transect,transect_6,transect_6A,BD,"non-native
annual",1,91,1,1,0.001
2015,April,transect,transect_6,transect_6A,BH,"non-native
annual",1,92,1,1,0.01
2015,April,transect,transect_6,transect_6A,EG,"native
perennial",0,93,1,1,0.001
2015,April,transect,transect_6,transect_6A,EG,"native
perennial",0,93,2,1,0.01
2015,April,transect,transect_6,transect_6A,EG,"native
perennial",0,93,3,1,0.001
2015,April,transect,transect_6,transect_6A,EG,"native
perennial",0,93,4,1,0.01
2015,April,transect,transect_6,transect_6A,EG,"native
perennial",0,93,5,1,0.001
2015,April,transect,transect_6,transect_6A,EG,"native
perennial",0,93,6,1,0.001
2015,April,transect,transect_6,transect_6A,EG,"native
perennial",0,94,1,1,0.01
2015,April,transect,transect_6,transect_6A,EG,"native
perennial",0,94,2,1,0.001
2015,April,transect,transect_6,transect_6A,EG,"native
perennial",0,94,3,1,0.01
2015,April,transect,transect_6,transect_6A,EG,"native
perennial",0,94,4,1,0.001
2015,April,transect,transect_6,transect_6A,EG,"native
perennial",0,94,5,1,0.001
2015,April,transect,transect_6,transect_6A,EG,"native
perennial",0,94,6,1,0.001
2015,April,transect,transect_6,transect_6A,EG,"native
perennial",0,95,1,1,0.1
2015,April,transect,transect_6,transect_6A,EG,"native
perennial",0,95,2,1,0.001
2015,April,transect,transect_6,transect_6A,EG,"native
perennial",0,95,3,1,0.01
2015,April,transect,transect_6,transect_6A,EG,"native
perennial",0,95,4,1,0.001
2015,April,transect,transect_6,transect_6A,EG,"native
perennial",0,95,5,1,0.001
2015,April,transect,transect_6,transect_6A,EG,"native
perennial",0,95,6,1,0.001
2015,April,transect,transect_6,transect_6A,SP,"native
perennial",0,96,1,1,0.01
2015,April,transect,transect_6,transect_6A,SP,"native
perennial",0,96,2,1,0.001
2015,April,transect,transect_6,transect_6A,SP,"native
perennial",0,96,3,1,0.01
2015,April,transect,transect_6,transect_6A,SP,"native
perennial",0,96,4,1,0.01
2015,April,transect,transect_6,transect_6A,SP,"native
perennial",0,96,5,1,0.001
2015,April,transect,transect_6,transect_6A,SP,"native
perennial",0,96,6,1,0.001
2015,April,transect,transect_6,transect_6C,AB,"non-native
annual",1,97,1,1,0.5
2015,April,transect,transect_6,transect_6C,AB,"non-native
annual",1,97,2,0,0
2015,April,transect,transect_6,transect_6C,AB,"non-native
annual",1,97,3,0,0
2015,April,transect,transect_6,transect_6C,AB,"non-native
annual",1,97,4,0,0
2015,April,transect,transect_6,transect_6C,AB,"non-native
annual",1,97,5,0,0
2015,April,transect,transect_6,transect_6C,AB,"non-native
annual",1,97,6,0,0
2015,April,transect,transect_6,transect_6C,AB,"non-native
annual",1,98,1,1,0.05
2015,April,transect,transect_6,transect_6C,AB,"non-native
annual",1,98,2,0,0
2015,April,transect,transect_6,transect_6C,AB,"non-native
annual",1,98,3,0,0
2015,April,transect,transect_6,transect_6C,AB,"non-native
annual",1,98,4,1,0.01
2015,April,transect,transect_6,transect_6C,BD,"non-native
annual",1,99,1,1,0.01
2015,April,transect,transect_6,transect_6C,BD,"non-native
annual",1,100,1,1,0.1
2015,April,transect,transect_6,transect_6C,BD,"non-native
annual",1,100,2,1,0.001
2015,April,transect,transect_6,transect_6C,BD,"non-native
annual",1,101,1,1,0.001
2015,April,transect,transect_6,transect_6C,BH,"non-native
annual",1,102,1,1,0.05
2015,April,transect,transect_6,transect_6C,BH,"non-native
annual",1,103,1,0,0
2015,April,transect,transect_6,transect_6C,EG,"native
perennial",0,104,1,1,0.001
2015,April,transect,transect_6,transect_6C,EG,"native
perennial",0,104,2,1,0.001
2015,April,transect,transect_6,transect_6C,EG,"native
perennial",0,104,3,0,0
2015,April,transect,transect_6,transect_6C,EG,"native
perennial",0,104,4,1,0.05
2015,April,transect,transect_6,transect_6C,EG,"native
perennial",0,104,5,1,0.001
2015,April,transect,transect_6,transect_6C,EG,"native
perennial",0,104,6,1,0.001
2015,April,transect,transect_6,transect_6C,EG,"native
perennial",0,105,1,1,0.001
2015,April,transect,transect_6,transect_6C,EG,"native
perennial",0,105,2,1,0.05
2015,April,transect,transect_6,transect_6C,EG,"native
perennial",0,105,3,0,0
2015,April,transect,transect_6,transect_6C,EG,"native
perennial",0,105,4,1,0.001
2015,April,transect,transect_6,transect_6C,EG,"native
perennial",0,105,5,1,0.001
2015,April,transect,transect_6,transect_6C,EG,"native
perennial",0,105,6,1,0.001
2015,April,transect,transect_6,transect_6C,EG,"native
perennial",0,106,1,1,0.01
2015,April,transect,transect_6,transect_6C,EG,"native
perennial",0,106,2,1,0.001
2015,April,transect,transect_6,transect_6C,EG,"native
perennial",0,106,3,1,0.01
2015,April,transect,transect_6,transect_6C,EG,"native
perennial",0,106,4,1,0.001
2015,April,transect,transect_6,transect_6C,EG,"native
perennial",0,106,5,1,0.001
2015,April,transect,transect_6,transect_6C,EG,"native
perennial",0,106,6,1,0.01
2015,April,transect,transect_6,transect_6C,SP,"native
perennial",0,107,1,1,0.01
2015,April,transect,transect_6,transect_6C,SP,"native
perennial",0,107,2,1,0.01
2015,April,transect,transect_6,transect_6C,SP,"native
perennial",0,107,3,1,0.1
2015,April,transect,transect_6,transect_6C,SP,"native
perennial",0,107,4,1,0.001
2015,April,transect,transect_6,transect_6C,SP,"native
perennial",0,107,5,1,0.01
2015,April,transect,transect_6,transect_6C,SP,"native
perennial",0,107,6,1,0.01
2015,April,transect,transect_6,transect_6E,AB,"non-native
annual",1,108,1,1,0.5
2015,April,transect,transect_6,transect_6E,AB,"non-native
annual",1,108,2,1,0.25
2015,April,transect,transect_6,transect_6E,AB,"non-native
annual",1,108,3,0,0
2015,April,transect,transect_6,transect_6E,AB,"non-native
annual",1,108,4,0,0
2015,April,transect,transect_6,transect_6E,AB,"non-native
annual",1,109,1,1,0.5
2015,April,transect,transect_6,transect_6E,AB,"non-native
annual",1,109,2,1,0.001
2015,April,transect,transect_6,transect_6E,EG,"native
perennial",0,110,1,1,0.001
2015,April,transect,transect_6,transect_6E,EG,"native
perennial",0,110,2,0,0
2015,April,transect,transect_6,transect_6E,EG,"native
perennial",0,110,3,1,0.001
2015,April,transect,transect_6,transect_6E,EG,"native
perennial",0,110,4,1,0.001
2015,April,transect,transect_6,transect_6E,EG,"native
perennial",0,110,5,1,0.05
2015,April,transect,transect_6,transect_6E,EG,"native
perennial",0,110,6,1,0.001
2015,April,transect,transect_7,transect_7A,PA,"non-native
annual",1,111,1,0,0
2015,April,transect,transect_7,transect_7A,PA,"non-native
annual",1,111,2,1,0.05
2015,April,transect,transect_7,transect_7A,PA,"non-native
annual",1,111,3,0,0
2015,April,transect,transect_7,transect_7A,PA,"non-native
annual",1,111,4,0,0
2015,April,transect,transect_7,transect_7A,PA,"non-native
annual",1,111,5,1,0.1
2015,April,transect,transect_7,transect_7A,PA,"non-native
annual",1,111,6,0,0
2015,April,transect,transect_7,transect_7A,PA,"non-native
annual",1,112,1,1,0.001
2015,April,transect,transect_7,transect_7A,PA,"non-native
annual",1,112,2,0,0
2015,April,transect,transect_7,transect_7A,PA,"non-native
annual",1,112,3,0,0
2015,April,transect,transect_7,transect_7A,PA,"non-native
annual",1,112,4,0,0
2015,April,transect,transect_7,transect_7A,PA,"non-native
annual",1,112,5,0,0
2015,April,transect,transect_7,transect_7A,PA,"non-native
annual",1,112,6,0,0
2015,April,transect,transect_7,transect_7A,PA,"non-native
annual",1,113,1,0,0
2015,April,transect,transect_7,transect_7A,PA,"non-native
annual",1,113,2,1,0.01
2015,April,transect,transect_7,transect_7A,PA,"non-native
annual",1,113,3,1,0.5
2015,April,transect,transect_7,transect_7A,PA,"non-native
annual",1,113,4,1,0.25
2015,April,transect,transect_7,transect_7A,PA,"non-native
annual",1,113,5,0,0
2015,April,transect,transect_7,transect_7A,PA,"non-native
annual",1,113,6,0,0
2015,April,transect,transect_7,transect_7C,AB,"non-native
annual",1,114,1,1,0.05
2015,April,transect,transect_7,transect_7C,AB,"non-native
annual",1,114,2,1,0.001
2015,April,transect,transect_7,transect_7C,AB,"non-native
annual",1,114,3,0,0
2015,April,transect,transect_7,transect_7C,AB,"non-native
annual",1,114,4,0,0
2015,April,transect,transect_7,transect_7C,AB,"non-native
annual",1,114,5,0,0
2015,April,transect,transect_7,transect_7C,AB,"non-native
annual",1,114,6,0,0
2015,April,transect,transect_7,transect_7C,PA,"non-native
annual",1,115,1,1,0.5
2015,April,transect,transect_7,transect_7C,PA,"non-native
annual",1,115,2,0,0
2015,April,transect,transect_7,transect_7C,PA,"non-native
annual",1,115,3,0,0
2015,April,transect,transect_7,transect_7C,PA,"non-native
annual",1,115,4,0,0
2015,April,transect,transect_7,transect_7C,PA,"non-native
annual",1,115,5,0,0
2015,April,transect,transect_7,transect_7C,PA,"non-native
annual",1,115,6,0,0
2015,April,transect,transect_7,transect_7C,PA,"non-native
annual",1,116,1,1,0.1
2015,April,transect,transect_7,transect_7C,PA,"non-native
annual",1,116,2,1,0.001
2015,April,transect,transect_7,transect_7C,PA,"non-native
annual",1,116,3,0,0
2015,April,transect,transect_7,transect_7C,PA,"non-native
annual",1,116,4,1,0.1
2015,April,transect,transect_7,transect_7C,PA,"non-native
annual",1,116,5,0,0
2015,April,transect,transect_7,transect_7C,PA,"non-native
annual",1,116,6,0,0
2015,April,transect,transect_7,transect_7C,PA,"non-native
annual",1,117,1,1,0.001
2015,April,transect,transect_7,transect_7C,PA,"non-native
annual",1,117,2,0,0
2015,April,transect,transect_7,transect_7C,PA,"non-native
annual",1,117,3,0,0
2015,April,transect,transect_7,transect_7C,PA,"non-native
annual",1,117,4,1,0.001
2015,April,transect,transect_7,transect_7C,PA,"non-native
annual",1,117,5,1,0.01
2015,April,transect,transect_7,transect_7C,PA,"non-native
annual",1,117,6,0,0
2015,April,transect,transect_7,transect_7E,AB,"non-native
annual",1,118,1,1,0.001
2015,April,transect,transect_7,transect_7E,AB,"non-native
annual",1,118,2,0,0
2015,April,transect,transect_7,transect_7E,AB,"non-native
annual",1,118,3,0,0
2015,April,transect,transect_7,transect_7E,AB,"non-native
annual",1,118,4,0,0
2015,April,transect,transect_7,transect_7E,AB,"non-native
annual",1,118,5,0,0
2015,April,transect,transect_7,transect_7E,AB,"non-native
annual",1,118,6,0,0
2015,April,transect,transect_7,transect_7E,AB,"non-native
annual",1,119,1,1,0.01
2015,April,transect,transect_7,transect_7E,AB,"non-native
annual",1,119,2,0,0
2015,April,transect,transect_7,transect_7E,BH,"non-native
annual",1,120,1,0,0
2015,April,transect,transect_7,transect_7E,BH,"non-native
annual",1,121,1,0,0
2015,April,transect,transect_7,transect_7E,PA,"non-native
annual",1,122,1,1,0.25
2015,April,transect,transect_7,transect_7E,PA,"non-native
annual",1,122,2,0,0
2015,April,transect,transect_7,transect_7E,PA,"non-native
annual",1,122,3,0,0
2015,April,transect,transect_7,transect_7E,PA,"non-native
annual",1,122,4,0,0
2015,April,transect,transect_7,transect_7E,PA,"non-native
annual",1,122,5,0,0
2015,April,transect,transect_7,transect_7E,PA,"non-native
annual",1,122,6,1,0.01
2015,April,transect,transect_8,transect_8A,BD,"non-native
annual",1,123,1,1,0.25
2015,April,transect,transect_8,transect_8A,BD,"non-native
annual",1,124,1,0,0
2015,April,transect,transect_8,transect_8A,BD,"non-native
annual",1,125,1,1,0.001
2015,April,transect,transect_8,transect_8A,EG,"native
perennial",0,126,1,1,0.25
2015,April,transect,transect_8,transect_8A,EG,"native
perennial",0,126,2,1,0.1
2015,April,transect,transect_8,transect_8A,EG,"native
perennial",0,126,3,1,0.1
2015,April,transect,transect_8,transect_8A,EG,"native
perennial",0,126,4,1,0.05
2015,April,transect,transect_8,transect_8A,EG,"native
perennial",0,126,5,1,0.25
2015,April,transect,transect_8,transect_8A,EG,"native
perennial",0,126,6,1,0.3
2015,April,transect,transect_8,transect_8A,EG,"native
perennial",0,127,1,1,0.1
2015,April,transect,transect_8,transect_8A,EG,"native
perennial",0,127,2,1,0.5
2015,April,transect,transect_8,transect_8A,EG,"native
perennial",0,127,3,1,0.001
2015,April,transect,transect_8,transect_8A,EG,"native
perennial",0,127,4,0,0
2015,April,transect,transect_8,transect_8A,EG,"native
perennial",0,127,5,0,0
2015,April,transect,transect_8,transect_8A,EG,"native
perennial",0,128,1,1,0.5
2015,April,transect,transect_8,transect_8A,EG,"native
perennial",0,128,2,1,0.05
2015,April,transect,transect_8,transect_8A,EG,"native
perennial",0,128,3,0,0
2015,April,transect,transect_8,transect_8A,EG,"native
perennial",0,128,4,1,0.001
2015,April,transect,transect_8,transect_8A,EG,"native
perennial",0,128,5,1,0.05
2015,April,transect,transect_8,transect_8A,EG,"native
perennial",0,128,6,1,0.5
2015,April,transect,transect_8,transect_8A,SP,"native
perennial",0,129,1,1,0.01
2015,April,transect,transect_8,transect_8A,SP,"native
perennial",0,129,2,0,0
2015,April,transect,transect_8,transect_8A,SP,"native
perennial",0,129,3,1,0.001
2015,April,transect,transect_8,transect_8A,SP,"native
perennial",0,129,4,1,0.001
2015,April,transect,transect_8,transect_8A,SP,"native
perennial",0,129,5,1,0.001
2015,April,transect,transect_8,transect_8A,SP,"native
perennial",0,129,6,1,0.001
2015,April,transect,transect_8,transect_8A,SP,"native
perennial",0,130,1,1,0.001
2015,April,transect,transect_8,transect_8A,SP,"native
perennial",0,130,2,1,0.05
2015,April,transect,transect_8,transect_8A,SP,"native
perennial",0,130,3,1,0.01
2015,April,transect,transect_8,transect_8A,SP,"native
perennial",0,130,4,1,0.01
2015,April,transect,transect_8,transect_8A,SP,"native
perennial",0,130,5,1,0.01
2015,April,transect,transect_8,transect_8A,SP,"native
perennial",0,130,6,1,0.001
2015,April,transect,transect_8,transect_8C,BD,"non-native
annual",1,131,1,1,0.001
2015,April,transect,transect_8,transect_8C,BD,"non-native
annual",1,131,2,1,0.001
2015,April,transect,transect_8,transect_8C,EG,"native
perennial",0,132,1,1,0.05
2015,April,transect,transect_8,transect_8C,EG,"native
perennial",0,132,2,1,0.5
2015,April,transect,transect_8,transect_8C,EG,"native
perennial",0,132,3,1,0.001
2015,April,transect,transect_8,transect_8C,EG,"native
perennial",0,132,4,1,0.01
2015,April,transect,transect_8,transect_8C,EG,"native
perennial",0,132,5,1,0.4
2015,April,transect,transect_8,transect_8C,EG,"native
perennial",0,132,6,1,0.01
2015,April,transect,transect_8,transect_8C,EG,"native
perennial",0,133,1,1,0.05
2015,April,transect,transect_8,transect_8C,EG,"native
perennial",0,133,2,1,0.01
2015,April,transect,transect_8,transect_8C,EG,"native
perennial",0,133,3,1,0.001
2015,April,transect,transect_8,transect_8C,EG,"native
perennial",0,133,4,0,0
2015,April,transect,transect_8,transect_8C,EG,"native
perennial",0,133,5,1,0.001
2015,April,transect,transect_8,transect_8C,EG,"native
perennial",0,133,6,1,0.1
2015,April,transect,transect_8,transect_8C,EG,"native
perennial",0,134,1,1,0.5
2015,April,transect,transect_8,transect_8C,EG,"native
perennial",0,134,2,1,0.05
2015,April,transect,transect_8,transect_8C,EG,"native
perennial",0,134,3,1,0.001
2015,April,transect,transect_8,transect_8C,EG,"native
perennial",0,134,4,0,0
2015,April,transect,transect_8,transect_8C,EG,"native
perennial",0,134,5,1,0.3
2015,April,transect,transect_8,transect_8C,EG,"native
perennial",0,134,6,1,0.001
2015,April,transect,transect_8,transect_8C,SP,"native
perennial",0,135,1,1,0.01
2015,April,transect,transect_8,transect_8C,SP,"native
perennial",0,135,2,1,0.001
2015,April,transect,transect_8,transect_8C,SP,"native
perennial",0,135,3,1,0.001
2015,April,transect,transect_8,transect_8C,SP,"native
perennial",0,135,4,1,0.05
2015,April,transect,transect_8,transect_8C,SP,"native
perennial",0,135,5,1,0.05
2015,April,transect,transect_8,transect_8C,SP,"native
perennial",0,135,6,1,0.05
2015,April,transect,transect_8,transect_8C,SP,"native
perennial",0,136,1,1,0.01
2015,April,transect,transect_8,transect_8C,SP,"native
perennial",0,136,2,1,0.05
2015,April,transect,transect_8,transect_8C,SP,"native
perennial",0,136,3,1,0.01
2015,April,transect,transect_8,transect_8C,SP,"native
perennial",0,136,4,1,0.001
2015,April,transect,transect_8,transect_8C,SP,"native
perennial",0,136,5,1,0.25
2015,April,transect,transect_8,transect_8C,SP,"native
perennial",0,136,6,1,0.001
2015,April,transect,transect_8,transect_8E,AB,"non-native
annual",1,137,1,1,0.001
2015,April,transect,transect_8,transect_8E,AB,"non-native
annual",1,137,2,0,0
2015,April,transect,transect_8,transect_8E,AB,"non-native
annual",1,138,1,0,0
2015,April,transect,transect_8,transect_8E,AB,"non-native
annual",1,138,2,1,0.001
2015,April,transect,transect_8,transect_8E,AB,"non-native
annual",1,139,1,1,0.05
2015,April,transect,transect_8,transect_8E,AB,"non-native
annual",1,139,2,1,0.5
2015,April,transect,transect_8,transect_8E,AB,"non-native
annual",1,139,3,0,0
2015,April,transect,transect_8,transect_8E,AB,"non-native
annual",1,139,4,0,0
2015,April,transect,transect_8,transect_8E,EG,"native
perennial",0,140,1,1,0.5
2015,April,transect,transect_8,transect_8E,EG,"native
perennial",0,140,2,1,0.1
2015,April,transect,transect_8,transect_8E,EG,"native
perennial",0,140,3,1,0.4
2015,April,transect,transect_8,transect_8E,EG,"native
perennial",0,140,4,1,0.01
2015,April,transect,transect_8,transect_8E,EG,"native
perennial",0,140,5,1,0.01
2015,April,transect,transect_8,transect_8E,EG,"native
perennial",0,140,6,1,0.05
2015,April,transect,transect_9,transect_9A,PA,"non-native
annual",1,141,1,0,0
2015,April,transect,transect_9,transect_9A,PA,"non-native
annual",1,141,2,0,0
2015,April,transect,transect_9,transect_9A,PA,"non-native
annual",1,141,3,0,0
2015,April,transect,transect_9,transect_9A,PA,"non-native
annual",1,141,4,0,0
2015,April,transect,transect_9,transect_9A,PA,"non-native
annual",1,141,5,0,0
2015,April,transect,transect_9,transect_9A,PA,"non-native
annual",1,141,6,0,0
2015,April,transect,transect_9,transect_9A,PA,"non-native
annual",1,142,1,0,0
2015,April,transect,transect_9,transect_9A,PA,"non-native
annual",1,142,2,0,0
2015,April,transect,transect_9,transect_9A,PA,"non-native
annual",1,142,3,0,0
2015,April,transect,transect_9,transect_9A,PA,"non-native
annual",1,142,4,1,0.05
2015,April,transect,transect_9,transect_9A,PA,"non-native
annual",1,142,5,0,0
2015,April,transect,transect_9,transect_9A,PA,"non-native
annual",1,142,6,1,0.001
2015,April,transect,transect_9,transect_9A,PA,"non-native
annual",1,143,1,0,0
2015,April,transect,transect_9,transect_9A,PA,"non-native
annual",1,143,2,0,0
2015,April,transect,transect_9,transect_9A,PA,"non-native
annual",1,143,3,0,0
2015,April,transect,transect_9,transect_9A,PA,"non-native
annual",1,143,4,1,0.001
2015,April,transect,transect_9,transect_9A,PA,"non-native
annual",1,143,5,0,0
2015,April,transect,transect_9,transect_9A,PA,"non-native
annual",1,143,6,0,0
2015,April,transect,transect_9,transect_9C,PA,"non-native
annual",1,144,1,0,0
2015,April,transect,transect_9,transect_9C,PA,"non-native
annual",1,144,2,0,0
2015,April,transect,transect_9,transect_9C,PA,"non-native
annual",1,144,3,0,0
2015,April,transect,transect_9,transect_9C,PA,"non-native
annual",1,144,4,0,0
2015,April,transect,transect_9,transect_9C,PA,"non-native
annual",1,144,5,0,0
2015,April,transect,transect_9,transect_9C,PA,"non-native
annual",1,144,6,0,0
2015,April,transect,transect_9,transect_9C,PA,"non-native
annual",1,145,1,0,0
2015,April,transect,transect_9,transect_9C,PA,"non-native
annual",1,145,2,0,0
2015,April,transect,transect_9,transect_9C,PA,"non-native
annual",1,145,3,1,0.001
2015,April,transect,transect_9,transect_9C,PA,"non-native
annual",1,145,4,0,0
2015,April,transect,transect_9,transect_9C,PA,"non-native
annual",1,145,5,0,0
2015,April,transect,transect_9,transect_9C,PA,"non-native
annual",1,145,6,0,0
2015,April,transect,transect_9,transect_9C,PA,"non-native
annual",1,146,1,0,0
2015,April,transect,transect_9,transect_9C,PA,"non-native
annual",1,146,2,0,0
2015,April,transect,transect_9,transect_9C,PA,"non-native
annual",1,146,3,0,0
2015,April,transect,transect_9,transect_9C,PA,"non-native
annual",1,146,4,0,0
2015,April,transect,transect_9,transect_9C,PA,"non-native
annual",1,146,5,0,0
2015,April,transect,transect_9,transect_9C,PA,"non-native
annual",1,146,6,0,0
2015,April,transect,transect_9,transect_9E,AB,"non-native
annual",1,147,1,1,0.1
2015,April,transect,transect_9,transect_9E,AB,"non-native
annual",1,147,2,1,0.1
2015,April,transect,transect_9,transect_9E,AB,"non-native
annual",1,148,1,1,0.1
2015,April,transect,transect_9,transect_9E,AB,"non-native
annual",1,148,2,1,0.1
2015,April,transect,transect_9,transect_9E,BD,"non-native
annual",1,149,1,1,0.001
2015,April,transect,transect_9,transect_9E,BH,"non-native
annual",1,150,1,0,0
2015,April,transect,transect_9,transect_9E,PA,"non-native
annual",1,151,1,0,0
2015,April,transect,transect_9,transect_9E,PA,"non-native
annual",1,151,2,0,0
2015,April,transect,transect_9,transect_9E,PA,"non-native
annual",1,151,3,0,0
2015,April,transect,transect_9,transect_9E,PA,"non-native
annual",1,151,4,0,0
2015,April,transect,transect_9,transect_9E,PA,"non-native
annual",1,151,5,0,0
2015,April,transect,transect_9,transect_9E,PA,"non-native
annual",1,151,6,0,0
2015,April,transect,transect_9,transect_9E,PA,"non-native
annual",1,152,1,1,0.001
2015,April,transect,transect_9,transect_9E,PA,"non-native
annual",1,152,2,0,0
2015,April,transect,transect_9,transect_9E,PA,"non-native
annual",1,152,3,0,0
2015,April,transect,transect_9,transect_9E,PA,"non-native
annual",1,152,4,1,0.001
2015,April,transect,transect_9,transect_9E,PA,"non-native
annual",1,152,5,1,0.001
2015,April,transect,transect_9,transect_9E,PA,"non-native
annual",1,152,6,0,0
2015,April,transect,transect_11,transect_11,AB,"non-native
annual",1,1,1,0,0
2015,April,transect,transect_11,transect_11,AB,"non-native
annual",1,1,2,0,0
2015,April,transect,transect_11,transect_11,AB,"non-native
annual",1,1,3,1,0.01
2015,April,transect,transect_11,transect_11,AB,"non-native
annual",1,1,4,0,0
2015,April,transect,transect_11,transect_11,AB,"non-native
annual",1,1,5,1,0.01
2015,April,transect,transect_11,transect_11,AB,"non-native
annual",1,1,6,1,0.001
2015,April,transect,transect_11,transect_11,AB,"non-native
annual",1,2,1,1,0.001
2015,April,transect,transect_11,transect_11,AB,"non-native
annual",1,2,2,0,0
2015,April,transect,transect_11,transect_11,AB,"non-native
annual",1,2,3,1,0.001
2015,April,transect,transect_11,transect_11,AB,"non-native
annual",1,2,4,1,0.25
2015,April,transect,transect_11,transect_11,AB,"non-native
annual",1,3,1,0,0
2015,April,transect,transect_11,transect_11,AB,"non-native
annual",1,3,2,0,0
2015,April,transect,transect_11,transect_11,AB,"non-native
annual",1,3,3,1,0.01
2015,April,transect,transect_11,transect_11,AB,"non-native
annual",1,3,4,1,0.5
2015,April,transect,transect_11,transect_11,AB,"non-native
annual",1,3,5,0,0
2015,April,transect,transect_11,transect_11,AB,"non-native
annual",1,3,6,1,0.001
2015,April,transect,transect_11,transect_11,AB,"non-native
annual",1,4,1,1,0.5
2015,April,transect,transect_11,transect_11,AB,"non-native
annual",1,4,2,1,0.001
2015,April,transect,transect_11,transect_11,AB,"non-native
annual",1,4,3,0,0
2015,April,transect,transect_11,transect_11,AB,"non-native
annual",1,5,1,1,0.001
2015,April,transect,transect_11,transect_11,AB,"non-native
annual",1,5,2,1,0.001
2015,April,transect,transect_11,transect_11,AB,"non-native
annual",1,5,3,1,0.25
2015,April,transect,transect_11,transect_11,AB,"non-native
annual",1,5,4,1,0.05
2015,April,transect,transect_11,transect_11,AB,"non-native
annual",1,5,5,0,0
2015,April,transect,transect_11,transect_11,AB,"non-native
annual",1,5,6,1,0.25
2015,April,transect,transect_11,transect_11,BD,"non-native
annual",1,11,1,1,0.5
2015,April,transect,transect_11,transect_11,BD,"non-native
annual",1,11,2,1,0.75
2015,April,transect,transect_11,transect_11,BD,"non-native
annual",1,11,3,1,0.001
2015,April,transect,transect_11,transect_11,BD,"non-native
annual",1,11,4,1,0.25
2015,April,transect,transect_11,transect_11,BD,"non-native
annual",1,11,5,0,0
2015,April,transect,transect_11,transect_11,BD,"non-native
annual",1,11,6,0,0
2015,April,transect,transect_11,transect_11,BD,"non-native
annual",1,12,1,0,0
2015,April,transect,transect_11,transect_11,BD,"non-native
annual",1,12,2,0,0
2015,April,transect,transect_11,transect_11,BD,"non-native
annual",1,12,3,0,0
2015,April,transect,transect_11,transect_11,BD,"non-native
annual",1,12,4,0,0
2015,April,transect,transect_11,transect_11,BD,"non-native
annual",1,12,5,0,0
2015,April,transect,transect_11,transect_11,BD,"non-native
annual",1,13,1,1,0.1
2015,April,transect,transect_11,transect_11,BD,"non-native
annual",1,13,2,0,0
2015,April,transect,transect_11,transect_11,BD,"non-native
annual",1,13,3,1,0.001
2015,April,transect,transect_11,transect_11,BD,"non-native
annual",1,13,4,0,0
2015,April,transect,transect_11,transect_11,BD,"non-native
annual",1,13,5,0,0
2015,April,transect,transect_11,transect_11,BD,"non-native
annual",1,13,6,0,0
2015,April,transect,transect_11,transect_11,BD,"non-native
annual",1,14,1,1,0.5
2015,April,transect,transect_11,transect_11,BD,"non-native
annual",1,14,2,1,0.05
2015,April,transect,transect_11,transect_11,BD,"non-native
annual",1,15,1,0,0
2015,April,transect,transect_11,transect_11,BD,"non-native
annual",1,15,2,0,0
2015,April,transect,transect_11,transect_11,BD,"non-native
annual",1,15,3,0,0
2015,April,transect,transect_11,transect_11,BD,"non-native
annual",1,15,4,0,0
2015,April,transect,transect_11,transect_11,BD,"non-native
annual",1,15,5,0,0
2015,April,transect,transect_11,transect_11,BH,"non-native
annual",1,31,1,0,0
2015,April,transect,transect_11,transect_11,BH,"non-native
annual",1,31,2,0,0
2015,April,transect,transect_11,transect_11,BH,"non-native
annual",1,32,1,1,0.5
2015,April,transect,transect_11,transect_11,BH,"non-native
annual",1,32,2,1,0.01
2015,April,transect,transect_11,transect_11,BH,"non-native
annual",1,33,1,0,0
2015,April,transect,transect_11,transect_11,BH,"non-native
annual",1,34,1,1,0.05
2015,April,transect,transect_11,transect_11,BH,"non-native
annual",1,34,2,1,0.001
2015,April,transect,transect_11,transect_11,BH,"non-native
annual",1,35,1,1,0.01
2015,April,transect,transect_11,transect_11,BH,"non-native
annual",1,35,2,0,0
2015,April,transect,transect_12,transect_12,AB,"non-native
annual",1,6,1,1,0.25
2015,April,transect,transect_12,transect_12,AB,"non-native
annual",1,6,2,1,0.01
2015,April,transect,transect_12,transect_12,AB,"non-native
annual",1,6,3,1,0.01
2015,April,transect,transect_12,transect_12,AB,"non-native
annual",1,6,4,0,0
2015,April,transect,transect_12,transect_12,AB,"non-native
annual",1,6,5,0,0
2015,April,transect,transect_12,transect_12,AB,"non-native
annual",1,6,6,0,0
2015,April,transect,transect_12,transect_12,AB,"non-native
annual",1,7,1,1,0.1
2015,April,transect,transect_12,transect_12,AB,"non-native
annual",1,7,2,1,0.001
2015,April,transect,transect_12,transect_12,AB,"non-native
annual",1,7,3,0,0
2015,April,transect,transect_12,transect_12,AB,"non-native
annual",1,7,4,0,0
2015,April,transect,transect_12,transect_12,AB,"non-native
annual",1,7,5,1,0.001
2015,April,transect,transect_12,transect_12,AB,"non-native
annual",1,7,6,1,0.001
2015,April,transect,transect_12,transect_12,AB,"non-native
annual",1,8,1,1,0.001
2015,April,transect,transect_12,transect_12,AB,"non-native
annual",1,8,2,1,0.001
2015,April,transect,transect_12,transect_12,AB,"non-native
annual",1,8,3,1,0.1
2015,April,transect,transect_12,transect_12,AB,"non-native
annual",1,8,4,1,0.5
2015,April,transect,transect_12,transect_12,AB,"non-native
annual",1,9,1,1,0.001
2015,April,transect,transect_12,transect_12,AB,"non-native
annual",1,9,2,0,0
2015,April,transect,transect_12,transect_12,AB,"non-native
annual",1,9,3,0,0
2015,April,transect,transect_12,transect_12,AB,"non-native
annual",1,9,4,1,0.25
2015,April,transect,transect_12,transect_12,AB,"non-native
annual",1,10,1,1,0.5
2015,April,transect,transect_12,transect_12,BD,"non-native
annual",1,16,1,1,0.25
2015,April,transect,transect_12,transect_12,BD,"non-native
annual",1,16,2,1,0.001
2015,April,transect,transect_12,transect_12,BD,"non-native
annual",1,16,3,0,0
2015,April,transect,transect_12,transect_12,BD,"non-native
annual",1,17,1,1,0.001
2015,April,transect,transect_12,transect_12,BD,"non-native
annual",1,17,2,1,0.05
2015,April,transect,transect_12,transect_12,BD,"non-native
annual",1,17,3,1,0.001
2015,April,transect,transect_12,transect_12,BD,"non-native
annual",1,18,1,1,0.01
2015,April,transect,transect_12,transect_12,BD,"non-native
annual",1,18,2,1,0.001
2015,April,transect,transect_12,transect_12,BD,"non-native
annual",1,19,1,0,0
2015,April,transect,transect_12,transect_12,BD,"non-native
annual",1,19,2,1,0.001
2015,April,transect,transect_12,transect_12,BD,"non-native
annual",1,20,1,1,0.001
2015,April,transect,transect_12,transect_12,BD,"non-native
annual",1,20,2,1,0.1
2015,April,transect,transect_12,transect_12,BD,"non-native
annual",1,20,3,1,0.01
2015,April,transect,transect_12,transect_12,BH,"non-native
annual",1,36,1,1,0.5
2015,April,transect,transect_12,transect_12,BH,"non-native
annual",1,36,2,1,0.25
2015,April,transect,transect_12,transect_12,BH,"non-native
annual",1,37,1,1,0.25
2015,April,transect,transect_12,transect_12,BH,"non-native
annual",1,37,2,1,0.001
2015,April,transect,transect_12,transect_12,BH,"non-native
annual",1,37,3,0,0
2015,April,transect,transect_12,transect_12,BH,"non-native
annual",1,37,4,0,0
2015,April,transect,transect_12,transect_12,BH,"non-native
annual",1,37,5,1,0.25
2015,April,transect,transect_12,transect_12,BH,"non-native
annual",1,37,6,0,0
2015,April,transect,transect_12,transect_12,BH,"non-native
annual",1,38,1,1,0.1
2015,April,transect,transect_12,transect_12,BH,"non-native
annual",1,39,1,0,0
2015,April,transect,transect_12,transect_12,BH,"non-native
annual",1,40,1,0,0
2015,April,transect,transect_12,transect_12,BH,"non-native
annual",1,40,2,0,0
2015,April,transect,transect_12,transect_12,BH,"non-native
annual",1,40,3,0,0
2015,April,transect,transect_12,transect_12,BH,"non-native
annual",1,40,4,0,0
2015,April,transect,transect_12,transect_12,BH,"non-native
annual",1,40,5,0,0
2015,April,transect,transect_12,transect_12,BH,"non-native
annual",1,40,6,1,0.01
2015,April,transect,transect_12,transect_12,PA,"non-native
annual",1,56,1,1,0.001
2015,April,transect,transect_12,transect_12,PA,"non-native
annual",1,56,2,0,0
2015,April,transect,transect_12,transect_12,PA,"non-native
annual",1,56,3,1,0.001
2015,April,transect,transect_12,transect_12,PA,"non-native
annual",1,56,4,0,0
2015,April,transect,transect_12,transect_12,PA,"non-native
annual",1,56,5,0,0
2015,April,transect,transect_12,transect_12,PA,"non-native
annual",1,56,6,1,0.001
2015,April,transect,transect_12,transect_12,PA,"non-native
annual",1,57,1,0,0
2015,April,transect,transect_12,transect_12,PA,"non-native
annual",1,57,2,0,0
2015,April,transect,transect_12,transect_12,PA,"non-native
annual",1,57,3,1,0.01
2015,April,transect,transect_12,transect_12,PA,"non-native
annual",1,57,4,1,0.05
2015,April,transect,transect_12,transect_12,PA,"non-native
annual",1,57,5,1,0.4
2015,April,transect,transect_12,transect_12,PA,"non-native
annual",1,57,6,1,0.25
2015,April,transect,transect_12,transect_12,PA,"non-native
annual",1,58,1,1,0.25
2015,April,transect,transect_12,transect_12,PA,"non-native
annual",1,58,2,1,0.25
2015,April,transect,transect_12,transect_12,PA,"non-native
annual",1,58,3,1,0.1
2015,April,transect,transect_12,transect_12,PA,"non-native
annual",1,58,4,1,0.001
2015,April,transect,transect_12,transect_12,PA,"non-native
annual",1,58,5,1,0.01
2015,April,transect,transect_12,transect_12,PA,"non-native
annual",1,58,6,1,0.05
2015,April,transect,transect_12,transect_12,PA,"non-native
annual",1,59,1,0,0
2015,April,transect,transect_12,transect_12,PA,"non-native
annual",1,59,2,0,0
2015,April,transect,transect_12,transect_12,PA,"non-native
annual",1,59,3,0,0
2015,April,transect,transect_12,transect_12,PA,"non-native
annual",1,59,4,0,0
2015,April,transect,transect_12,transect_12,PA,"non-native
annual",1,59,5,1,0.05
2015,April,transect,transect_12,transect_12,PA,"non-native
annual",1,59,6,1,0.001
2015,April,transect,transect_12,transect_12,PA,"non-native
annual",1,60,1,1,0.001
2015,April,transect,transect_12,transect_12,PA,"non-native
annual",1,60,2,1,0.001
2015,April,transect,transect_12,transect_12,PA,"non-native
annual",1,60,3,1,0.001
2015,April,transect,transect_12,transect_12,PA,"non-native
annual",1,60,4,0,0
2015,April,transect,transect_12,transect_12,PA,"non-native
annual",1,60,5,0,0
2015,April,transect,transect_12,transect_12,PA,"non-native
annual",1,60,6,0,0
2015,April,transect,transect_13,transect_13,BD,"non-native
annual",1,21,1,1,0.01
2015,April,transect,transect_13,transect_13,BD,"non-native
annual",1,21,2,0,0
2015,April,transect,transect_13,transect_13,BD,"non-native
annual",1,21,3,1,0.75
2015,April,transect,transect_13,transect_13,BD,"non-native
annual",1,21,4,0,0
2015,April,transect,transect_13,transect_13,BD,"non-native
annual",1,22,1,0,0
2015,April,transect,transect_13,transect_13,BD,"non-native
annual",1,23,1,0,0
2015,April,transect,transect_13,transect_13,BD,"non-native
annual",1,23,2,1,0.75
2015,April,transect,transect_13,transect_13,BD,"non-native
annual",1,24,1,1,0.5
2015,April,transect,transect_13,transect_13,BD,"non-native
annual",1,24,2,1,0.001
2015,April,transect,transect_13,transect_13,BD,"non-native
annual",1,25,1,1,0.25
2015,April,transect,transect_13,transect_13,BD,"non-native
annual",1,25,2,0,0
2015,April,transect,transect_13,transect_13,BD,"non-native
annual",1,25,3,1,0.05
2015,April,transect,transect_13,transect_13,BD,"non-native
annual",1,25,4,0,0
2015,April,transect,transect_13,transect_13,BD,"non-native
annual",1,25,5,0,0
2015,April,transect,transect_13,transect_13,BH,"non-native
annual",1,41,1,0,0
2015,April,transect,transect_13,transect_13,BH,"non-native
annual",1,42,1,1,0.5
2015,April,transect,transect_13,transect_13,BH,"non-native
annual",1,42,2,0,0
2015,April,transect,transect_13,transect_13,BH,"non-native
annual",1,43,1,0,0
2015,April,transect,transect_13,transect_13,BH,"non-native
annual",1,44,1,1,0.001
2015,April,transect,transect_13,transect_13,BH,"non-native
annual",1,44,2,0,0
2015,April,transect,transect_13,transect_13,BH,"non-native
annual",1,45,1,0,0
2015,April,transect,transect_13,transect_13,BH,"non-native
annual",1,45,2,1,0.25
2015,April,transect,transect_13,transect_13,SP,"native
perennial",0,62,1,1,0.001
2015,April,transect,transect_13,transect_13,SP,"native
perennial",0,62,2,1,0.01
2015,April,transect,transect_13,transect_13,SP,"native
perennial",0,62,3,1,0.001
2015,April,transect,transect_13,transect_13,SP,"native
perennial",0,62,4,1,0.001
2015,April,transect,transect_13,transect_13,SP,"native
perennial",0,62,5,1,0.001
2015,April,transect,transect_13,transect_13,SP,"native
perennial",0,62,6,1,0.01
2015,April,transect,transect_13,transect_13,SP,"native
perennial",0,63,1,1,0.25
2015,April,transect,transect_13,transect_13,SP,"native
perennial",0,63,2,1,0.001
2015,April,transect,transect_13,transect_13,SP,"native
perennial",0,63,3,1,0.001
2015,April,transect,transect_13,transect_13,SP,"native
perennial",0,63,4,1,0.05
2015,April,transect,transect_13,transect_13,SP,"native
perennial",0,63,5,0,0
2015,April,transect,transect_13,transect_13,SP,"native
perennial",0,63,6,1,0.001
2015,April,transect,transect_13,transect_13,SP,"native
perennial",0,64,1,1,0.01
2015,April,transect,transect_13,transect_13,SP,"native
perennial",0,64,2,1,0.001
2015,April,transect,transect_13,transect_13,SP,"native
perennial",0,64,3,1,0.001
2015,April,transect,transect_13,transect_13,SP,"native
perennial",0,64,4,1,0.001
2015,April,transect,transect_13,transect_13,SP,"native
perennial",0,64,5,1,0.001
2015,April,transect,transect_13,transect_13,SP,"native
perennial",0,64,6,1,0.01
2015,April,transect,transect_13,transect_13,SP,"native
perennial",0,65,1,1,0.01
2015,April,transect,transect_13,transect_13,SP,"native
perennial",0,65,2,1,0.001
2015,April,transect,transect_13,transect_13,SP,"native
perennial",0,65,3,1,0.01
2015,April,transect,transect_13,transect_13,SP,"native
perennial",0,65,4,1,0.05
2015,April,transect,transect_13,transect_13,SP,"native
perennial",0,65,5,1,0.01
2015,April,transect,transect_13,transect_13,SP,"native
perennial",0,65,6,1,0.001
2015,April,transect,transect_13,transect_13,SP,"native
perennial",0,66,1,1,0.001
2015,April,transect,transect_13,transect_13,SP,"native
perennial",0,66,2,1,0.5
2015,April,transect,transect_13,transect_13,SP,"native
perennial",0,66,3,1,0.001
2015,April,transect,transect_13,transect_13,SP,"native
perennial",0,66,4,1,0.001
2015,April,transect,transect_13,transect_13,SP,"native
perennial",0,66,5,1,0.5
2015,April,transect,transect_13,transect_13,SP,"native
perennial",0,66,6,1,0.1
2015,April,transect,transect_14,transect_14,BD,"non-native
annual",1,26,1,1,0.001
2015,April,transect,transect_14,transect_14,BD,"non-native
annual",1,26,2,0,0
2015,April,transect,transect_14,transect_14,BD,"non-native
annual",1,27,1,1,0.001
2015,April,transect,transect_14,transect_14,BD,"non-native
annual",1,28,1,0,0
2015,April,transect,transect_14,transect_14,BD,"non-native
annual",1,29,1,1,0.001
2015,April,transect,transect_14,transect_14,BD,"non-native
annual",1,30,1,0,0
2015,April,transect,transect_14,transect_14,BD,"non-native
annual",1,30,2,0,0
2015,April,transect,transect_14,transect_14,BH,"non-native
annual",1,46,1,1,0.5
2015,April,transect,transect_14,transect_14,BH,"non-native
annual",1,47,1,0,0
2015,April,transect,transect_14,transect_14,BH,"non-native
annual",1,48,1,1,0.5
2015,April,transect,transect_14,transect_14,BH,"non-native
annual",1,48,2,1,0.5
2015,April,transect,transect_14,transect_14,BH,"non-native
annual",1,49,1,0,0
2015,April,transect,transect_14,transect_14,BH,"non-native
annual",1,49,2,1,0.001
2015,April,transect,transect_14,transect_14,BH,"non-native
annual",1,49,3,0,0
2015,April,transect,transect_14,transect_14,BH,"non-native
annual",1,49,4,0,0
2015,April,transect,transect_14,transect_14,BH,"non-native
annual",1,50,1,1,0.001
2015,April,transect,transect_14,transect_14,BH,"non-native
annual",1,50,2,1,0.5
2015,April,transect,transect_14,transect_14,EG,"native
perennial",0,51,1,1,0.5
2015,April,transect,transect_14,transect_14,EG,"native
perennial",0,51,2,1,0.001
2015,April,transect,transect_14,transect_14,EG,"native
perennial",0,51,3,1,0.001
2015,April,transect,transect_14,transect_14,EG,"native
perennial",0,51,4,1,0.001
2015,April,transect,transect_14,transect_14,EG,"native
perennial",0,51,5,1,0.001
2015,April,transect,transect_14,transect_14,EG,"native
perennial",0,51,6,1,0.05
2015,April,transect,transect_14,transect_14,EG,"native
perennial",0,52,1,1,0.001
2015,April,transect,transect_14,transect_14,EG,"native
perennial",0,52,2,1,0.001
2015,April,transect,transect_14,transect_14,EG,"native
perennial",0,52,3,0,0
2015,April,transect,transect_14,transect_14,EG,"native
perennial",0,52,4,1,0.001
2015,April,transect,transect_14,transect_14,EG,"native
perennial",0,52,5,1,0.05
2015,April,transect,transect_14,transect_14,EG,"native
perennial",0,52,6,1,0.001
2015,April,transect,transect_14,transect_14,EG,"native
perennial",0,53,1,1,0.75
2015,April,transect,transect_14,transect_14,EG,"native
perennial",0,53,2,1,0.5
2015,April,transect,transect_14,transect_14,EG,"native
perennial",0,53,3,1,0.5
2015,April,transect,transect_14,transect_14,EG,"native
perennial",0,53,4,1,0.25
2015,April,transect,transect_14,transect_14,EG,"native
perennial",0,53,5,1,0.25
2015,April,transect,transect_14,transect_14,EG,"native
perennial",0,53,6,1,0.75
2015,April,transect,transect_14,transect_14,EG,"native
perennial",0,54,1,1,0.01
2015,April,transect,transect_14,transect_14,EG,"native
perennial",0,54,2,0,0
2015,April,transect,transect_14,transect_14,EG,"native
perennial",0,54,3,1,0.001
2015,April,transect,transect_14,transect_14,EG,"native
perennial",0,54,4,1,0.01
2015,April,transect,transect_14,transect_14,EG,"native
perennial",0,54,5,1,0.01
2015,April,transect,transect_14,transect_14,EG,"native
perennial",0,54,6,1,0.01
2015,April,transect,transect_14,transect_14,EG,"native
perennial",0,55,1,1,0.25
2015,April,transect,transect_14,transect_14,EG,"native
perennial",0,55,2,1,0.05
2015,April,transect,transect_14,transect_14,EG,"native
perennial",0,55,3,1,0.001
2015,April,transect,transect_14,transect_14,EG,"native
perennial",0,55,4,0,0
2015,April,transect,transect_14,transect_14,EG,"native
perennial",0,55,5,0,0
2015,April,transect,transect_14,transect_14,EG,"native
perennial",0,55,6,1,0.01
2015,April,transect,transect_14,transect_14,PA,"non-native
annual",1,61,1,1,0.05
2015,April,transect,transect_14,transect_14,PA,"non-native
annual",1,61,2,1,0.001
2015,April,transect,transect_14,transect_14,PA,"non-native
annual",1,61,3,1,0.001
2015,April,transect,transect_14,transect_14,PA,"non-native
annual",1,61,4,0,0
2015,April,transect,transect_14,transect_14,PA,"non-native
annual",1,61,5,0,0
2015,April,transect,transect_14,transect_14,PA,"non-native
annual",1,61,6,1,0.01
2015,April,transect,transect_14,transect_14,SP,"native
perennial",0,67,1,1,0.01
2015,April,transect,transect_14,transect_14,SP,"native
perennial",0,67,2,1,0.001
2015,April,transect,transect_14,transect_14,SP,"native
perennial",0,67,3,1,0.001
2015,April,transect,transect_14,transect_14,SP,"native
perennial",0,67,4,1,0.001
2015,April,transect,transect_14,transect_14,SP,"native
perennial",0,67,5,1,0.001
2015,April,transect,transect_14,transect_14,SP,"native
perennial",0,67,6,1,0.001
2015,April,transect,transect_14,transect_14,SP,"native
perennial",0,68,1,1,0.001
2015,April,transect,transect_14,transect_14,SP,"native
perennial",0,68,2,0,0
2015,April,transect,transect_14,transect_14,SP,"native
perennial",0,68,3,1,0.001
2015,April,transect,transect_14,transect_14,SP,"native
perennial",0,68,4,1,0.001
2015,April,transect,transect_14,transect_14,SP,"native
perennial",0,68,5,1,0.001
2015,April,transect,transect_14,transect_14,SP,"native
perennial",0,68,6,1,0.001
2015,April,transect,transect_14,transect_14,SP,"native
perennial",0,69,1,1,0.001
2015,April,transect,transect_14,transect_14,SP,"native
perennial",0,69,2,1,0.01
2015,April,transect,transect_14,transect_14,SP,"native
perennial",0,69,3,1,0.001
2015,April,transect,transect_14,transect_14,SP,"native
perennial",0,69,4,0,0
2015,April,transect,transect_14,transect_14,SP,"native
perennial",0,69,5,1,0.01
2015,April,transect,transect_14,transect_14,SP,"native
perennial",0,69,6,0,0
2015,April,transect,transect_14,transect_14,SP,"native
perennial",0,70,1,1,0.001
2015,April,transect,transect_14,transect_14,SP,"native
perennial",0,70,2,1,0.001
2015,April,transect,transect_14,transect_14,SP,"native
perennial",0,70,3,1,0.001
2015,April,transect,transect_14,transect_14,SP,"native
perennial",0,70,4,1,0.001
2015,April,transect,transect_14,transect_14,SP,"native
perennial",0,70,5,1,0.001
2015,April,transect,transect_14,transect_14,SP,"native
perennial",0,70,6,1,0.05
2015,April,transect,transect_14,transect_14,SP,"native
perennial",0,71,1,1,0.001
2015,April,transect,transect_14,transect_14,SP,"native
perennial",0,71,2,1,0.001
2015,April,transect,transect_14,transect_14,SP,"native
perennial",0,71,3,0,0
2015,April,transect,transect_14,transect_14,SP,"native
perennial",0,71,4,0,0
2015,April,transect,transect_14,transect_14,SP,"native
perennial",0,71,5,1,0.01
2015,April,transect,transect_14,transect_14,SP,"native
perennial",0,71,6,1,0.001
